"TABSCHEMA","TABNAME","CONSTNAME","COLNAME","COLSEQ"
MAXIMO  ,ACCOUNTDEFAULTS,SQL251206163557340,ACCOUNTDEFAULTSID,1
MAXIMO  ,ACTCI,SQL251206163557460,ACTCIID,1
MAXIMO  ,ACTCIRELATION,SQL251206163557590,ACTCIRELATIONID,1
MAXIMO  ,ACTCISPEC,SQL251206163557650,ACTCISPECID,1
MAXIMO  ,ACTION,SQL251206163557780,ACTIONID,1
MAXIMO  ,ACTIONGROUP,SQL251206163557910,ACTIONGROUPID,1
MAXIMO  ,ACTIONSCFG,SQL251206163558030,ACTIONSCFGID,1
MAXIMO  ,ADDRESS,SQL251206163558250,ADDRESSID,1
MAXIMO  ,AHBLTHRESHOLD,SQL251206163558380,AHBLTHRESHOLDID,1
MAXIMO  ,AHBLTHRESHOLDRANGE,SQL251206163558510,AHBLTHRESHOLDRANGEID,1
MAXIMO  ,AHDRIVERLIB,SQL251206163558640,AHDRIVERLIBID,1
MAXIMO  ,AHMETHODDRIVER,SQL251206163558760,AHMETHODDRIVERID,1
MAXIMO  ,AHMETHODOLOGY,SQL251206163558890,AHMETHODOLOGYID,1
MAXIMO  ,AHSCOREMAP,SQL251206163559020,AHSCOREMAPID,1
MAXIMO  ,ALLWEATHERPRODUCTS,SQL251206163559140,ALLWEATHERPRODUCTSID,1
MAXIMO  ,ALNDOMAIN,SQL251206163559270,ALNDOMAINID,1
MAXIMO  ,ALTITEM,SQL251206163559400,ALTITEMID,1
MAXIMO  ,AMCREW,SQL251206163559540,AMCREWID,1
MAXIMO  ,AMCREWLABOR,SQL251206163559680,AMCREWLABORID,1
MAXIMO  ,AMCREWLABPOS,SQL251206163559810,AMCREWLABPOSID,1
MAXIMO  ,AMCREWMODAVAIL,SQL251206163559940,AMCREWMODAVAILID,1
MAXIMO  ,AMCREWQUAL,SQL251206163600070,AMCREWQUALID,1
MAXIMO  ,AMCREWSTATHIS,SQL251206163600200,AMCREWSTATHISID,1
MAXIMO  ,AMCREWT,SQL251206163600330,AMCREWTID,1
MAXIMO  ,AMCREWTOOL,SQL251206163600460,AMCREWTOOLID,1
MAXIMO  ,AMCREWTOOLSQ,SQL251206163600580,AMCREWTOOLSQID,1
MAXIMO  ,AMCREWWOLAB,SQL251206163600710,AMCREWWOLABID,1
MAXIMO  ,AMCREWWORKZONE,SQL251206163600840,AMCREWWORKZONEID,1
MAXIMO  ,AMCREWWOTL,SQL251206163601000,AMCREWWOTLID,1
MAXIMO  ,AMCTCRAFT,SQL251206163601130,AMCTCRAFTID,1
MAXIMO  ,AMCTQUAL,SQL251206163601260,AMCTQUALID,1
MAXIMO  ,AMCTSTATHIST,SQL251206163601390,AMCTSTATHISTID,1
MAXIMO  ,AMCTTOOL,SQL251206163601520,AMCTTOOLID,1
MAXIMO  ,ANALYTICAUTH,SQL251206163601660,ANALYTICAUTHID,1
MAXIMO  ,ANALYTICDATASET,SQL251206163601810,ANALYTICDATASETID,1
MAXIMO  ,ANOMALY,SQL251206163602010,ANOMALYID,1
MAXIMO  ,ANOMALYCATALOG,SQL251206163602150,ANOMALYCATALOGID,1
MAXIMO  ,APICSRFTOKEN,SQL251206163602270,APICSRFTOKENID,1
MAXIMO  ,APIKEYTOKEN,SQL251206163602400,APIKEYTOKENID,1
MAXIMO  ,APILINKEDOBJECT,SQL251206163602520,APILINKEDOBJECTID,1
MAXIMO  ,APIROUTE,SQL251206163602640,APIROUTEID,1
MAXIMO  ,APIROUTEPROP,SQL251206163602780,APIROUTEPROPID,1
MAXIMO  ,APPDOCTYPE,SQL251206163602920,APPDOCTYPEID,1
MAXIMO  ,APPFIELDDEFAULTS,SQL251206163603050,APPFIELDDEFAULTSID,1
MAXIMO  ,APPLICATIONAUTH,SQL251206163603200,APPLICATIONAUTHID,1
MAXIMO  ,APPPROPCFG,SQL251206163603320,APPPROPCFGID,1
MAXIMO  ,APPTBKCOMMITGROUP,SQL251206163603460,APPTBKCOMMITGROUPID,1
MAXIMO  ,APPTBKCOMMITPERSON,SQL251206163603580,APPTBKCOMMITPERSONID,1
MAXIMO  ,APPTBKSTATUS,SQL251206163603710,APPTBKSTATUSID,1
MAXIMO  ,APPTBKWINDOWAVAIL,SQL251206163603840,APPTBKWINDOWAVAILID,1
MAXIMO  ,APPTBKWINDOWS,SQL251206163603990,APPTBKWINDOWSID,1
MAXIMO  ,APPTBOOK,SQL251206163604130,APPTBOOKID,1
MAXIMO  ,APPTBOOKASSIGNMENTS,SQL251206163604270,APPTBOOKASSIGNMENTSID,1
MAXIMO  ,APPTBOOKJOBPLAN,SQL251206163604400,APPTBOOKJOBPLANID,1
MAXIMO  ,APPTRACKER,SQL251206163604530,APPTRACKERID,1
MAXIMO  ,APPUSERPROPCFG,SQL251206163604660,APPUSERPROPCFGID,1
MAXIMO  ,ARCHIVE,SQL251206163604780,ARCHIVEID,1
MAXIMO  ,AREASAFFECTED,SQL251206163604910,AREASAFFECTEDID,1
MAXIMO  ,ASSET,SQL251206163605220,ASSETUID,1
MAXIMO  ,ASSETANCESTOR,SQL251206163605350,ASSETANCESTORID,1
MAXIMO  ,ASSETATTRIBUTE,SQL251206163605480,ASSETATTRIBUTEID,1
MAXIMO  ,ASSETFEASPECHIST,SQL251206163605620,ASSETFEASPECHISTID,1
MAXIMO  ,ASSETFEATURE,SQL251206163605770,ASSETFEATUREID,1
MAXIMO  ,ASSETFEATUREHIST,SQL251206163605930,ASSETFEATUREHISTID,1
MAXIMO  ,ASSETFEATURESPEC,SQL251206163606080,ASSETFEATURESPECID,1
MAXIMO  ,ASSETGEOHASH,SQL251206163606200,ASSETGEOHASHID,1
MAXIMO  ,ASSETHIERARCHY,SQL251206163606320,ASSETHIERARCHYID,1
MAXIMO  ,ASSETHISTORY,SQL251206163606450,ASSETHISTORYID,1
MAXIMO  ,ASSETLOCCOMM,SQL251206163606590,ASSETLOCCOMMID,1
MAXIMO  ,ASSETLOCRELATION,SQL251206163606750,ASSETLOCRELATIONID,1
MAXIMO  ,ASSETLOCRELHIST,SQL251206163606910,ASSETLOCRELHISTID,1
MAXIMO  ,ASSETLOCUSERCUST,SQL251206163607050,ASSETLOCUSERCUSTID,1
MAXIMO  ,ASSETMETER,SQL251206163607200,ASSETMETERID,1
MAXIMO  ,ASSETMNTSKD,SQL251206163607340,ASSETMNTSKDID,1
MAXIMO  ,ASSETOPSKD,SQL251206163607480,ASSETOPSKDID,1
MAXIMO  ,ASSETROLLUPSTATUS,SQL251206163607620,ASSETROLLUPSTATUSID,1
MAXIMO  ,ASSETSPEC,SQL251206163607760,ASSETSPECID,1
MAXIMO  ,ASSETSPECHIST,SQL251206163607910,ASSETSPECHISTID,1
MAXIMO  ,ASSETSTATUS,SQL251206163608030,ASSETSTATUSID,1
MAXIMO  ,ASSETTOPOCACHE,SQL251206163608160,ASSETTOPOCACHEID,1
MAXIMO  ,ASSETTRANS,SQL251206163608300,ASSETTRANSID,1
MAXIMO  ,ASSETTYPE,SQL251206163608430,ASSETTYPEID,1
MAXIMO  ,ASSETWORKZONE,SQL251206163608550,ASSETWORKZONEID,1
MAXIMO  ,ASSIGNMENT,SQL251206163608680,ASSIGNMENTID,1
MAXIMO  ,ASSIGNREPLOC,SQL251206163608810,ASSIGNREPLOCID,1
MAXIMO  ,ASTMSOVER,SQL251206163608940,ASTMSOVERID,1
MAXIMO  ,ASTSPECMSOVER,SQL251206163609060,ASTSPECMSOVERID,1
MAXIMO  ,ASYNCJOBOBJSNAP,SQL251206163609200,ASYNCJOBOBJSNAPID,1
MAXIMO  ,ATTENDANCE,SQL251206163609320,ATTENDANCEID,1
MAXIMO  ,ATTRFORMULA,SQL251206163609440,ATTRFORMULAID,1
MAXIMO  ,ATTRFORMULACOND,SQL251206163609560,ATTRFORMULACONDID,1
MAXIMO  ,AUTHROLE,SQL251206163609680,AUTHROLEID,1
MAXIMO  ,AUTHROLEUSER,SQL251206163609800,AUTHROLEUSERID,1
MAXIMO  ,AUTOATTRUPDATE,SQL251206163609930,AUTOATTRUPDATEID,1
MAXIMO  ,AUTOKEY,SQL251206163610050,AUTOKEYID,1
MAXIMO  ,AUTOLOCATEFIELDS,SQL251206163610170,AUTOLOCATEFIELDSID,1
MAXIMO  ,AUTOSCRIPT,SQL251206163610380,AUTOSCRIPTID,1
MAXIMO  ,AUTOSCRIPTSTATE,SQL251206163610510,AUTOSCRIPTSTATEID,1
MAXIMO  ,AUTOSCRIPTVARS,SQL251206163610640,AUTOSCRIPTVARSID,1
MAXIMO  ,BBOARDAUDIENCE,SQL251206163612090,BBOARDAUDIENCEID,1
MAXIMO  ,BBOARDMSGSTATUS,SQL251206163612210,BBOARDMSGSTATUSID,1
MAXIMO  ,BBSTATUSHISTORY,SQL251206163612450,BBSTATUSHISTORYID,1
MAXIMO  ,BILLTOSHIPTO,SQL251206163612580,BILLTOSHIPTOID,1
MAXIMO  ,BIMATTRIBUTEMAP,SQL251206163612700,BIMATTRIBUTEMAPID,1
MAXIMO  ,BIMATTRIBUTEMAPENTRY,SQL251206163612820,BIMATTRIBUTEMAPENTRYID,1
MAXIMO  ,BIMATTRIBUTEMAPLIST,SQL251206163612940,BIMATTRIBUTEMAPLISTID,1
MAXIMO  ,BIMCOMMISSION,SQL251206163613140,BIMCOMMISSIONID,1
MAXIMO  ,BIMCONFIGURATION,SQL251206163613300,BIMCONFIGURATIONID,1
MAXIMO  ,BIMFILTER,SQL251206163613430,BIMFILTERID,1
MAXIMO  ,BIMFILTERENTRY,SQL251206163613550,BIMFILTERENTRYID,1
MAXIMO  ,BIMFILTERLIST,SQL251206163613680,BIMFILTERLISTID,1
MAXIMO  ,BIMOMNICLASSIMPORT,SQL251206163613870,BIMOMNICLASSIMPORTID,1
MAXIMO  ,BIMOMNICLASSUSEWITH,SQL251206163613980,BIMOMNICLASSUSEWITHID,1
MAXIMO  ,BIMPRODUCTBASE,SQL251206163614120,BIMPRODUCTBASEID,1
MAXIMO  ,BIMPRODUCTBASESPEC,SQL251206163614250,BIMPRODUCTBASESPECID,1
MAXIMO  ,BIMPRODUCTJOB,SQL251206163614370,BIMPRODUCTJOBID,1
MAXIMO  ,BIMPRODUCTPART,SQL251206163614490,BIMPRODUCTPARTID,1
MAXIMO  ,BIMPRODUCTPARTSUPP,SQL251206163614610,BIMPRODUCTPARTSUPPID,1
MAXIMO  ,BIMPRODUCTSTATUS,SQL251206163614730,BIMPRODUCTSTATUSID,1
MAXIMO  ,BIMPROJECT,SQL251206163614870,BIMPROJECTID,1
MAXIMO  ,BIMSESSION,SQL251206163615090,BIMSESSIONID,1
MAXIMO  ,BIMSPECMAPENTRY,SQL251206163615220,BIMSPECMAPENTRYID,1
MAXIMO  ,BIMSYSTEMMAPENTRY,SQL251206163615340,BIMSYSTEMMAPENTRYID,1
MAXIMO  ,BIMTYPEMAP,SQL251206163615460,BIMTYPEMAPID,1
MAXIMO  ,BIMTYPEMAPLIST,SQL251206163615580,BIMTYPEMAPLISTID,1
MAXIMO  ,BIMUPLOAD,SQL251206163615720,BIMUPLOADID,1
MAXIMO  ,BOOKMARK,SQL251206163615850,BOOKMARKID,1
MAXIMO  ,BUDGET,SQL251206163615970,BUDGETID,1
MAXIMO  ,BUDGETANALYSISAXIS,SQL251206163616100,BUDGETANALYSISAXISID,1
MAXIMO  ,BUDGETANALYSISAXISNUMBER,SQL251206163616220,BUDGETANALYSISAXISNUMBERID,1
MAXIMO  ,BUDGETFLAG,SQL251206163616330,BUDGETFLAGID,1
MAXIMO  ,BUDGETLINE,SQL251206163616480,BUDGETLINEID,1
MAXIMO  ,BUDGETRULE,SQL251206163616600,BUDGETRULEID,1
MAXIMO  ,BUDGETRULEASSOC,SQL251206163616740,BUDGETRULEASSOCID,1
MAXIMO  ,BUDGETRULEPROC,SQL251206163616860,BUDGETRULEPROCID,1
MAXIMO  ,BUDGETRULEPROCTRANS,SQL251206163616980,BUDGETRULEPROCTRANSID,1
MAXIMO  ,BUDGETRULETRANSDATE,SQL251206163617110,BUDGETRULETRANSDATEID,1
MAXIMO  ,BUDGETSTATUS,SQL251206163617240,BUDGETSTATUSID,1
MAXIMO  ,BUILDINGMODEL,SQL251206163617360,BUILDINGMODELID,1
MAXIMO  ,BULLETINBOARD,SQL251206163617490,BULLETINBOARDUID,1
MAXIMO  ,CALENDAR,SQL251206163617610,CALENDARID,1
MAXIMO  ,CALENDARBREAK,SQL251206163617740,CALENDARBREAKID,1
MAXIMO  ,CDMCITYPES,SQL251206163617870,CDMCITYPESID,1
MAXIMO  ,CHARPOINTACTION,SQL251206163618000,CHARPOINTACTIONID,1
MAXIMO  ,CHARTOFACCOUNTS,SQL251206163618130,CHARTOFACCOUNTSID,1
MAXIMO  ,CI,SQL251206163618250,CIID,1
MAXIMO  ,CIRELATION,SQL251206163618370,CIRELATIONID,1
MAXIMO  ,CIRELATIONHIS,SQL251206163618480,CIRELATIONHISID,1
MAXIMO  ,CISPEC,SQL251206163618600,CISPECID,1
MAXIMO  ,CISPECHIS,SQL251206163618730,CISPECHISID,1
MAXIMO  ,CISTATUS,SQL251206163618840,CISTATUSID,1
MAXIMO  ,CITEMPLATE,SQL251206163618970,CITEMPLATEID,1
MAXIMO  ,CITYPESTATUS,SQL251206163619080,CITYPESTATUSID,1
MAXIMO  ,CLASSANCESTOR,SQL251206163619210,CLASSANCESTORID,1
MAXIMO  ,CLASSIFICATION,SQL251206163619330,CLASSIFICATIONUID,1
MAXIMO  ,CLASSSPEC,SQL251206163619460,CLASSSPECID,1
MAXIMO  ,CLASSSPECUSEWITH,SQL251206163619590,CLASSSPECUSEWITHID,1
MAXIMO  ,CLASSSTRUCTURE,SQL251206163619720,CLASSSTRUCTUREUID,1
MAXIMO  ,CLASSUSEWITH,SQL251206163619840,CLASSUSEWITHID,1
MAXIMO  ,COLLECTDETAILS,SQL251206163619970,COLLECTDETAILSID,1
MAXIMO  ,COLLECTION,SQL251206163620090,COLLECTIONID,1
MAXIMO  ,COLLECTIONAUTH,SQL251206163620210,COLLECTIONAUTHID,1
MAXIMO  ,COMMITGROUP,SQL251206163620330,COMMITGROUPID,1
MAXIMO  ,COMMITPERSON,SQL251206163620450,COMMITPERSONID,1
MAXIMO  ,COMMLOG,SQL251206163620660,COMMLOGUID,1
MAXIMO  ,COMMLOGDOCS,SQL251206163620790,COMMLOGDOCSID,1
MAXIMO  ,COMMODITIES,SQL251206163620910,COMMODITIESID,1
MAXIMO  ,COMMTEMPLATE,SQL251206163621110,COMMTEMPLATEID,1
MAXIMO  ,COMMTEMPLATEDOCS,SQL251206163621230,COMMTEMPLATEDOCSID,1
MAXIMO  ,COMMTMPLTSENDTO,SQL251206163621360,COMMTMPLTSENDTOID,1
MAXIMO  ,COMPANIES,SQL251206163621510,COMPANIESID,1
MAXIMO  ,COMPANYACCDEF,SQL251206163621650,COMPANYACCDEFID,1
MAXIMO  ,COMPCOMMODITY,SQL251206163621770,COMPCOMMODITYID,1
MAXIMO  ,COMPCONTACT,SQL251206163621900,COMPCONTACTID,1
MAXIMO  ,COMPCONTACTMSTR,SQL251206163622030,COMPCONTACTMSTRID,1
MAXIMO  ,COMPMASTER,SQL251206163622170,COMPMASTERID,1
MAXIMO  ,CONDITION,SQL251206163622290,CONDITIONID,1
MAXIMO  ,CONTASSETMETER,SQL251206163622410,CONTASSETMETERID,1
MAXIMO  ,CONTCOMMODITY,SQL251206163622530,CONTCOMMODITYID,1
MAXIMO  ,CONTLINEASSET,SQL251206163622660,CONTLINEASSETID,1
MAXIMO  ,CONTLINEMETER,SQL251206163622780,CONTLINEMETERID,1
MAXIMO  ,CONTRACT,SQL251206163622940,CONTRACTID,1
MAXIMO  ,CONTRACTASSET,SQL251206163623070,CONTRACTASSETID,1
MAXIMO  ,CONTRACTAUTH,SQL251206163623190,CONTRACTAUTHID,1
MAXIMO  ,CONTRACTDEFAULT,SQL251206163623310,CONTRACTDEFAULTID,1
MAXIMO  ,CONTRACTLEASE,SQL251206163623450,CONTRACTLEASEID,1
MAXIMO  ,CONTRACTLINE,SQL251206163623600,CONTRACTLINEID,1
MAXIMO  ,CONTRACTMASTER,SQL251206163623730,CONTRACTMASTERID,1
MAXIMO  ,CONTRACTPROPERTY,SQL251206163623860,CONTRACTPROPERTYID,1
MAXIMO  ,CONTRACTPURCH,SQL251206163624000,CONTRACTPURCHID,1
MAXIMO  ,CONTRACTSFW,SQL251206163624130,CONTRACTSFWID,1
MAXIMO  ,CONTRACTSTATUS,SQL251206163624260,CONTRACTSTATUSID,1
MAXIMO  ,CONTRACTSWLIC,SQL251206163624380,CONTRACTSWLICID,1
MAXIMO  ,CONTRACTTERM,SQL251206163624500,CONTRACTTERMID,1
MAXIMO  ,CONTRACTTYPE,SQL251206163624630,CONTRACTTYPEUID,1
MAXIMO  ,CONTRACTTYPETERM,SQL251206163624750,CONTRACTTYPETERMID,1
MAXIMO  ,CONTSFWLIC,SQL251206163624870,CONTSFWLICID,1
MAXIMO  ,CONVERSION,SQL251206163624990,CONVERSIONID,1
MAXIMO  ,COSTTYPE,SQL251206163625120,COSTTYPEID,1
MAXIMO  ,COUNTBOOK,SQL251206163625250,COUNTBOOKID,1
MAXIMO  ,COUNTBOOKCHNGSTAT,SQL251206163625370,COUNTBOOKCHNGSTATID,1
MAXIMO  ,COUNTBOOKLINE,SQL251206163625500,COUNTBOOKLINEID,1
MAXIMO  ,COUNTBOOKSEL,SQL251206163625640,COUNTBOOKSELID,1
MAXIMO  ,COUNTBOOKSTATUS,SQL251206163625760,COUNTBOOKSTATUSID,1
MAXIMO  ,CRAFT,SQL251206163625890,CRAFTID,1
MAXIMO  ,CRAFTRATE,SQL251206163626010,CRAFTRATEID,1
MAXIMO  ,CRAFTSKILL,SQL251206163626140,CRAFTSKILLID,1
MAXIMO  ,CRONTASKDEF,SQL251206163626280,CRONTASKDEFID,1
MAXIMO  ,CRONTASKHISTORY,SQL251206163626420,CRONTASKHISTORYID,1
MAXIMO  ,CRONTASKINSTANCE,SQL251206163626540,CRONTASKINSTANCEID,1
MAXIMO  ,CRONTASKPARAM,SQL251206163626670,CRONTASKPARAMID,1
MAXIMO  ,CROSSOVERDOMAIN,SQL251206163626800,CROSSOVERDOMAINID,1
MAXIMO  ,CTRLCONDITION,SQL251206163626920,CTRLCONDITIONID,1
MAXIMO  ,CTRLCONDPROP,SQL251206163627040,CTRLCONDPROPID,1
MAXIMO  ,CTRLGROUP,SQL251206163627170,CTRLGROUPID,1
MAXIMO  ,CURRENCY,SQL251206163627290,CURRENCYID,1
MAXIMO  ,DDUSERAUTH,SQL251206163627410,DDUSERAUTHID,1
MAXIMO  ,DEFAULTOSQUERY,SQL251206163627540,DEFAULTOSQUERYID,1
MAXIMO  ,DEFAULTQUERY,SQL251206163627680,DEFAULTQUERYID,1
MAXIMO  ,DEPHISTORY,SQL251206163627820,DEPHISTORYID,1
MAXIMO  ,DEPLOYEDASSET,SQL251206163627970,NODEID,1
MAXIMO  ,DEPRECIATION,SQL251206163628100,DEPRECIATIONID,1
MAXIMO  ,DEPSCHED,SQL251206163628230,DEPSCHEDID,1
MAXIMO  ,DEPSCHEDHISTORY,SQL251206163628350,DEPSCHEDHISTORYID,1
MAXIMO  ,DEPSCHEDPERIODS,SQL251206163628470,DEPSCHEDPERIODSID,1
MAXIMO  ,DEPTRANS,SQL251206163628610,DEPTRANSID,1
MAXIMO  ,DMCFGGROUP,SQL251206163628740,DMCFGGROUPID,1
MAXIMO  ,DMCFGOBJECT,SQL251206163628870,DMCFGOBJECTID,1
MAXIMO  ,DMCOLLAPPTOOLBAR,SQL251206163628990,DMCOLLAPPTOOLBARID,1
MAXIMO  ,DMCOLLECTION,SQL251206163629190,DMCOLLECTIONID,1
MAXIMO  ,DMCOLLECTIONEXPORT,SQL251206163629310,DMCOLLECTIONEXPORTID,1
MAXIMO  ,DMCOLLECTIONOBJECT,SQL251206163629430,DMCOLLECTIONOBJECTID,1
MAXIMO  ,DMCOLLECTIONRELOBJ,SQL251206163629550,DMCOLLECTIONRELOBJID,1
MAXIMO  ,DMCOLLEVENTTRK,SQL251206163629680,DMCOLLEVENTTRKID,1
MAXIMO  ,DMCOLLLOOKUPRULE,SQL251206163629800,DMCOLLLOOKUPRULEID,1
MAXIMO  ,DMCOLLPACKAGEMAP,SQL251206163629920,DMCOLLPACKAGEMAPID,1
MAXIMO  ,DMCOLLPKGEXCEPTION,SQL251206163630130,DMCOLLPKGEXCEPTIONID,1
MAXIMO  ,DMCOLLRELRULE,SQL251206163630260,DMCOLLRELRULEID,1
MAXIMO  ,DMCOLLRELRULECOLS,SQL251206163630390,DMCOLLRELRULECOLSID,1
MAXIMO  ,DMCOMPJOB,SQL251206163630520,DMCOMPJOBID,1
MAXIMO  ,DMCOMPRESRECORD,SQL251206163630640,DMCOMPRESRECORDID,1
MAXIMO  ,DMCOMPRESULT,SQL251206163630760,DMCOMPRESULTID,1
MAXIMO  ,DMDEPENDENCY,SQL251206163630890,DMDEPENDENCYID,1
MAXIMO  ,DMERROR,SQL251206163631090,DMERRORID,1
MAXIMO  ,DMMAPDEF,SQL251206163631230,DMMAPDEFID,1
MAXIMO  ,DMMESSAGE,SQL251206163631350,DMMESSAGEID,1
MAXIMO  ,DMPACKAGE,SQL251206163631480,DMPACKAGEID,1
MAXIMO  ,DMPACKAGEDEF,SQL251206163631600,DMPACKAGEDEFID,1
MAXIMO  ,DMPKGCFGGRPDEF,SQL251206163631720,DMPKGCFGGRPDEFID,1
MAXIMO  ,DMPKGCFGOBJDEF,SQL251206163631840,DMPKGCFGOBJDEFID,1
MAXIMO  ,DMPKGCMPSRC,SQL251206163632090,DMPKGCMPSRCID,1
MAXIMO  ,DMPKGCMPSRCDEF,SQL251206163632210,DMPKGCMPSRCDEFID,1
MAXIMO  ,DMPKGDEFSTATUS,SQL251206163632330,DMPKGDEFSTATUSID,1
MAXIMO  ,DMPKGDIST,SQL251206163632450,DMPKGDISTID,1
MAXIMO  ,DMPKGDISTTRACK,SQL251206163632580,DMPKGDISTTRACKID,1
MAXIMO  ,DMPKGDSTTRGT,SQL251206163632710,DMPKGDSTTRGTID,1
MAXIMO  ,DMPKGEVENTTRK,SQL251206163632830,DMPKGEVENTTRKID,1
MAXIMO  ,DMPKGSTATUS,SQL251206163633100,DMPKGSTATUSID,1
MAXIMO  ,DMPKGTRACKHIST,SQL251206163633230,DMPKGTRACKHISTID,1
MAXIMO  ,DMRESTRICTION,SQL251206163633350,DMRESTRICTIONID,1
MAXIMO  ,DMSAPISETTING,SQL251206163633480,DMSAPISETTINGID,1
MAXIMO  ,DOCINFO,SQL251206163633670,DOCINFOID,1
MAXIMO  ,DOCLINKS,SQL251206163633810,DOCLINKSID,1
MAXIMO  ,DOCTYPES,SQL251206163633930,DOCTYPESID,1
MAXIMO  ,DOMAINMETA,SQL251206163634050,DOMAINMETAID,1
MAXIMO  ,DPACOMMDEVICE,SQL251206163634170,DEVICEID,1
MAXIMO  ,DPACOMPUTER,SQL251206163634320,NODEID,1
MAXIMO  ,DPACPU,SQL251206163634450,CPUID,1
MAXIMO  ,DPADISK,SQL251206163634570,DISKID,1
MAXIMO  ,DPADISPLAY,SQL251206163634710,DISPLAYID,1
MAXIMO  ,DPAFILE,SQL251206163634830,FILEID,1
MAXIMO  ,DPAIMAGEDEVICE,SQL251206163634970,DEVICEID,1
MAXIMO  ,DPAIPX,SQL251206163635090,IPXID,1
MAXIMO  ,DPALOGICALDRIVE,SQL251206163635210,LOGICALDRIVEID,1
MAXIMO  ,DPAMADAPTER,SQL251206163635330,ADAPTERID,1
MAXIMO  ,DPAMADPTVARIANT,SQL251206163635460,DPAMADPTVARIANTID,1
MAXIMO  ,DPAMEDIAADAPTER,SQL251206163635590,ADAPTERID,1
MAXIMO  ,DPAMMANUFACTURER,SQL251206163635720,MANUFACTURERID,1
MAXIMO  ,DPAMMANUVARIANT,SQL251206163635890,DPAMMANUVARIANTID,1
MAXIMO  ,DPAMOS,SQL251206163636020,OSID,1
MAXIMO  ,DPAMOSVARIANT,SQL251206163636160,DPAMOSVARIANTID,1
MAXIMO  ,DPAMPROCESSOR,SQL251206163636280,PROCESSORID,1
MAXIMO  ,DPAMPROCVARIANT,SQL251206163636410,DPAMPROCVARIANTID,1
MAXIMO  ,DPAMSOFTWARE,SQL251206163636530,SOFTWAREID,1
MAXIMO  ,DPAMSWSUITE,SQL251206163636650,SUITEID,1
MAXIMO  ,DPAMSWSUITECOMP,SQL251206163636770,DPAMSWSUITECOMPID,1
MAXIMO  ,DPAMSWUSAGE,SQL251206163636900,INPUTSOURCEID,1
MAXIMO  ,DPAMSWUSAGERANGE,SQL251206163637010,DPAMSWUSAGERANGEID,1
MAXIMO  ,DPAMSWVARIANT,SQL251206163637130,DPAMSWVARIANTID,1
MAXIMO  ,DPANETADAPTER,SQL251206163637260,ADAPTERID,1
MAXIMO  ,DPANETDEVCARD,SQL251206163637390,CARDID,1
MAXIMO  ,DPANETDEVICE,SQL251206163637520,NODEID,1
MAXIMO  ,DPANETPRINTER,SQL251206163637640,NODEID,1
MAXIMO  ,DPAOS,SQL251206163637770,OSID,1
MAXIMO  ,DPASOFTWARE,SQL251206163637910,SOFTWAREID,1
MAXIMO  ,DPASWSUITE,SQL251206163638040,DPASWSUITEID,1
MAXIMO  ,DPATCPIP,SQL251206163638170,TCPIPID,1
MAXIMO  ,DUMMY_TABLE,SQL251206163638450,DUMMY_TABLEID,1
MAXIMO  ,EMAIL,SQL251206163638570,EMAILID,1
MAXIMO  ,ESCALATION,SQL251206163638700,ESCALATIONID,1
MAXIMO  ,ESCNOTIFICATION,SQL251206163638820,ESCNOTIFICATIONID,1
MAXIMO  ,ESCREFPOINT,SQL251206163638940,REFPOINTID,1
MAXIMO  ,ESCSTATUS,SQL251206163639140,ESCSTATUSID,1
MAXIMO  ,EVENTRESPONSE,SQL251206163639270,ERID,1
MAXIMO  ,EXCHANGE,SQL251206163639400,EXCHANGEID,1
MAXIMO  ,EXCLUDEDACTIONS,SQL251206163639520,EXCLUDEDACTIONSID,1
MAXIMO  ,EXCLUDEDMAPAPPS,SQL251206163639650,EXCLUDEDMAPAPPSID,1
MAXIMO  ,EXCLUDEPASSWORD,SQL251206163639790,EXCLUDEPASSWORDID,1
MAXIMO  ,EXPCONDITION,SQL251206163639920,EXPCONDITIONID,1
MAXIMO  ,EXPEXCEPTION,SQL251206163640040,EXPEXCEPTIONID,1
MAXIMO  ,EXPFUNCTIONS,SQL251206163640170,EXPFUNCTIONSID,1
MAXIMO  ,EXPGROUP,SQL251206163640290,EXPGROUPID,1
MAXIMO  ,EXPORTDATATS,SQL251206163640410,EXPORTDATATSID,1
MAXIMO  ,FACONFIG,SQL251206163640530,FACONFIGID,1
MAXIMO  ,FAILURECODE,SQL251206163640650,FAILURECODEID,1
MAXIMO  ,FAILURELIST,SQL251206163640770,FAILURELIST,1
MAXIMO  ,FAILUREREMARK,SQL251206163640900,FAILUREREMARKID,1
MAXIMO  ,FAILUREREPORT,SQL251206163641040,FAILUREREPORTID,1
MAXIMO  ,FAVITEM,SQL251206163641170,FAVITEMID,1
MAXIMO  ,FEATURES,SQL251206163641300,FEATURESID,1
MAXIMO  ,FEATURESPEC,SQL251206163641440,FEATURESPECID,1
MAXIMO  ,FEATURESTATUS,SQL251206163641560,FEATURESTATUSID,1
MAXIMO  ,FILEEXPORTREQQUEUE,SQL251206163641760,FILEEXPORTREQQUEUEID,1
MAXIMO  ,FILEIMPORTREQQUEUE,SQL251206163641960,FILEIMPORTREQQUEUEID,1
MAXIMO  ,FINANCIALPERIODS,SQL251206163642080,FINANCIALPERIODSID,1
MAXIMO  ,FINCNTRL,SQL251206163642210,FINCNTRLUID,1
MAXIMO  ,GBTEMPLATE,SQL251206163643750,GBTEMPLATEID,1
MAXIMO  ,GBTEMPLATECFG,SQL251206163643870,GBTEMPLATECFGID,1
MAXIMO  ,GBTEMPLATECOND,SQL251206163644000,GBTEMPLATECONDID,1
MAXIMO  ,GEOMETRYCONFIG,SQL251206163644120,GEOMETRYCONFIGID,1
MAXIMO  ,GLAUTH,SQL251206163644250,GLAUTHID,1
MAXIMO  ,GLCOMPONENTS,SQL251206163644370,GLCOMPONENTSID,1
MAXIMO  ,GLCONFIGURE,SQL251206163644500,GLCONFIGUREID,1
MAXIMO  ,GROUPUSER,SQL251206163644640,GROUPUSERID,1
MAXIMO  ,GRPREASSIGNAUTH,SQL251206163644760,GRPREASSIGNAUTHID,1
MAXIMO  ,GUESTTRUSTDOMAIN,SQL251206163644890,GUESTTRUSTDOMAINID,1
MAXIMO  ,GUESTTRUSTEMAIL,SQL251206163645020,GUESTTRUSTEMAILID,1
MAXIMO  ,GUESTTRUSTPOLICY,SQL251206163645200,GUESTTRUSTPOLICYID,1
MAXIMO  ,HAZARD,SQL251206163645340,HAZARDUID,1
MAXIMO  ,HAZARDPREC,SQL251206163645470,HAZARDPRECID,1
MAXIMO  ,IBMCONTENTCATALOG,SQL251206163645670,IBMCONTENTCATALOGID,1
MAXIMO  ,IBMCONTENTRECEIPTS,SQL251206163645860,IBMCONTENTRECEIPTSID,1
MAXIMO  ,IMAGEINFERENCE,SQL251206163646050,IMAGEINFERENCEID,1
MAXIMO  ,IMGLIB,SQL251206163646260,IMGLIBID,1
MAXIMO  ,IMPROFILE,SQL251206163646470,IMPROFILEID,1
MAXIMO  ,INBCOMMSECURITY,SQL251206163646600,INBCOMMSECURITYID,1
MAXIMO  ,INBOUNDCOMM,SQL251206163646800,INBOUNDCOMMID,1
MAXIMO  ,INBOUNDCOMMCFG,SQL251206163646940,INBOUNDCOMMCFGID,1
MAXIMO  ,INBXCONFIG,SQL251206163647060,INBXCONFIGID,1
MAXIMO  ,INSIGHT,SQL251206163647180,INSIGHTID,1
MAXIMO  ,INSIGHTFACTOR,SQL251206163647300,INSIGHTFACTORID,1
MAXIMO  ,INSPCASCADEOPTION,SQL251206163647420,INSPCASCADEOPTIONID,1
MAXIMO  ,INSPECTIONFORM,SQL251206163647620,INSPECTIONFORMID,1
MAXIMO  ,INSPECTIONFORMSTATUS,SQL251206163647750,INSPECTIONFORMSTATUSID,1
MAXIMO  ,INSPECTIONIMAGEINFERENCE,SQL251206163647960,INSPECTIONIMAGEINFERENCEID,1
MAXIMO  ,INSPECTIONMVIMODEL,SQL251206163648090,INSPECTIONMVIMODELID,1
MAXIMO  ,INSPECTIONRESULT,SQL251206163648230,INSPECTIONRESULTID,1
MAXIMO  ,INSPFIELD,SQL251206163648440,INSPFIELDID,1
MAXIMO  ,INSPFIELDOPTION,SQL251206163648640,INSPFIELDOPTIONID,1
MAXIMO  ,INSPFIELDRESULT,SQL251206163648850,INSPFIELDRESULTID,1
MAXIMO  ,INSPFIELDRESULTSELECTION,SQL251206163648980,INSPFIELDRESULTSELECTIONID,1
MAXIMO  ,INSPFORMSCRIPT,SQL251206163649100,INSPFORMSCRIPTID,1
MAXIMO  ,INSPFORMUSEWITH,SQL251206163649240,INSPFORMUSEWITHID,1
MAXIMO  ,INSPQUESTION,SQL251206163649430,INSPQUESTIONID,1
MAXIMO  ,INSPRESULTSTATUS,SQL251206163649560,INSPRESULTSTATUSID,1
MAXIMO  ,INVBALANCES,SQL251206163649700,INVBALANCESID,1
MAXIMO  ,INVCOST,SQL251206163649830,INVCOSTID,1
MAXIMO  ,INVENTORY,SQL251206163649990,INVENTORYID,1
MAXIMO  ,INVLIFOFIFOCOST,SQL251206163650120,INVLIFOFIFOCOSTID,1
MAXIMO  ,INVLOT,SQL251206163650240,INVLOTID,1
MAXIMO  ,INVOICE,SQL251206163650380,INVOICEID,1
MAXIMO  ,INVOICECOST,SQL251206163650510,INVOICECOSTID,1
MAXIMO  ,INVOICELINE,SQL251206163650650,INVOICELINEID,1
MAXIMO  ,INVOICEMATCH,SQL251206163650780,INVOICEMATCHID,1
MAXIMO  ,INVOICESTATUS,SQL251206163650900,INVOICESTATUSID,1
MAXIMO  ,INVOICETERM,SQL251206163651020,INVOICETERMID,1
MAXIMO  ,INVOICETRANS,SQL251206163651150,INVOICETRANSID,1
MAXIMO  ,INVPICKLIST,SQL251206163651280,INVPICKLISTID,1
MAXIMO  ,INVPICKLISTSTATUS,SQL251206163651440,INVPICKLISTSTATUSID,1
MAXIMO  ,INVRESERVE,SQL251206163651580,INVRESERVEID,1
MAXIMO  ,INVSTATUS,SQL251206163651710,INVSTATUSID,1
MAXIMO  ,INVTRANS,SQL251206163651840,INVTRANSID,1
MAXIMO  ,INVUSE,SQL251206163651980,INVUSEID,1
MAXIMO  ,INVUSELINE,SQL251206163652130,INVUSELINEID,1
MAXIMO  ,INVUSELINESPLIT,SQL251206163652260,INVUSELINESPLITID,1
MAXIMO  ,INVUSESTATUS,SQL251206163652390,INVUSESTATUSID,1
MAXIMO  ,INVVENDOR,SQL251206163652520,INVVENDORID,1
MAXIMO  ,IOTENDPTDTLS,SQL251206163652830,IOTENDPTDTLSID,1
MAXIMO  ,IOTFCFG,SQL251206163652960,IOTFCFGID,1
MAXIMO  ,IOTFDEVICEMAPPING,SQL251206163653180,IOTFDEVICEMAPPINGID,1
MAXIMO  ,IOTFDEVICETYPECFG,SQL251206163653380,IOTFDEVICETYPECFGID,1
MAXIMO  ,IOTFHISTORIAN,SQL251206163653500,IOTFHISTORIANID,1
MAXIMO  ,IOTPAYLOADPROPS,SQL251206163653630,IOTPAYLOADPROPSID,1
MAXIMO  ,IOTRESTDTLS,SQL251206163653760,IOTRESTDTLSID,1
MAXIMO  ,IOTRESTENDPOINTS,SQL251206163653890,IOTRESTENDPOINTSID,1
MAXIMO  ,IOTSERVICE,SQL251206163654110,IOTSERVICEID,1
MAXIMO  ,ITEM,SQL251206163654280,ITEMID,1
MAXIMO  ,ITEMCONDITION,SQL251206163654410,ITEMCONDITIONID,1
MAXIMO  ,ITEMORGINFO,SQL251206163654550,ITEMORGINFOID,1
MAXIMO  ,ITEMORGSTATUS,SQL251206163654680,ITEMORGSTATUSID,1
MAXIMO  ,ITEMSPEC,SQL251206163654820,ITEMSPECID,1
MAXIMO  ,ITEMSTATUS,SQL251206163654940,ITEMSTATUSID,1
MAXIMO  ,ITEMSTRUCT,SQL251206163655070,ITEMSTRUCTID,1
MAXIMO  ,JOBITEM,SQL251206163655210,JOBITEMID,1
MAXIMO  ,JOBLABOR,SQL251206163655350,JOBLABORID,1
MAXIMO  ,JOBPLAN,SQL251206163655500,JOBPLANID,1
MAXIMO  ,JOBPLANCLASS,SQL251206163655620,JOBPLANCLASSID,1
MAXIMO  ,JOBPLANSPEC,SQL251206163655760,JOBPLANSPECID,1
MAXIMO  ,JOBTASK,SQL251206163655890,JOBTASKID,1
MAXIMO  ,JOBTASKSPEC,SQL251206163656010,JOBTASKSPECID,1
MAXIMO  ,JPASSETSPLINK,SQL251206163656140,JPASSETSPLINKID,1
MAXIMO  ,JPTASKRELATION,SQL251206163656260,JPTASKRELATIONID,1
MAXIMO  ,JSONATTRIBUTEMAP,SQL251206163656390,JSONATTRIBUTEMAPID,1
MAXIMO  ,JSONMAPDETAIL,SQL251206163656510,JSONMAPDETAILID,1
MAXIMO  ,JSONMAPPING,SQL251206163656720,JSONMAPPINGID,1
MAXIMO  ,JSONMAPPROPS,SQL251206163656840,JSONMAPPROPSID,1
MAXIMO  ,JSONMAPPROPVALUES,SQL251206163656960,JSONMAPPROPVALUESID,1
MAXIMO  ,JSONMERGEATTRIBUTE,SQL251206163657090,JSONMERGEATTRIBUTEID,1
MAXIMO  ,JSONMERGEOBJECT,SQL251206163657220,JSONMERGEOBJECTID,1
MAXIMO  ,JSONOBJECTMAP,SQL251206163657350,JSONOBJECTMAPID,1
MAXIMO  ,JSONRESOURCE,SQL251206163657480,JSONRESOURCEID,1
MAXIMO  ,JSONRESOURCETYPE,SQL251206163657610,JSONRESOURCETYPEID,1
MAXIMO  ,KPIAUTH,SQL251206163657900,KPIAUTHID,1
MAXIMO  ,KPIGCONFIG,SQL251206163658030,KPIGCONFIGID,1
MAXIMO  ,KPIHISTORY,SQL251206163658150,KPIHISTORYID,1
MAXIMO  ,KPILCONFIG,SQL251206163658280,KPILCONFIGID,1
MAXIMO  ,KPIMAIN,SQL251206163658470,KPIMAINID,1
MAXIMO  ,KPIOEE,SQL251206163658600,KPIOEEID,1
MAXIMO  ,KPISCHEDULE,SQL251206163658720,KPISCHEDULEID,1
MAXIMO  ,KPITEMPLATE,SQL251206163658920,KPITEMPLATEID,1
MAXIMO  ,KPITEMPLATEMAIN,SQL251206163659050,KPITEMPLATEMAINID,1
MAXIMO  ,KPITEMPLATEVAR,SQL251206163659190,KPITEMPLATEVARID,1
MAXIMO  ,KPITEMPLATEVARVALUE,SQL251206163659320,KPITEMPLATEVARVALUEID,1
MAXIMO  ,KPITRENDCFG,SQL251206163659440,KPITRENDCFGID,1
MAXIMO  ,LABOR,SQL251206163659580,LABORID,1
MAXIMO  ,LABORAUTH,SQL251206163659710,LABORAUTHID,1
MAXIMO  ,LABORCERTHIST,SQL251206163659840,LABORCERTHISTID,1
MAXIMO  ,LABORCRAFTRATE,SQL251206163659960,LABORCRAFTRATEID,1
MAXIMO  ,LABORQUAL,SQL251206163700090,LABORQUALID,1
MAXIMO  ,LABORQUALSTATUS,SQL251206163700220,LABORQUALSTATUSID,1
MAXIMO  ,LABORSTATUS,SQL251206163700340,LABORSTATUSID,1
MAXIMO  ,LABORWORKZONE,SQL251206163700460,LABORWORKZONEID,1
MAXIMO  ,LABTRANS,SQL251206163700610,LABTRANSID,1
MAXIMO  ,LANGUAGE,SQL251206163700750,LANGUAGEID,1
MAXIMO  ,LAUNCHPOINTVARS,SQL251206163700880,LAUNCHPOINTVARSID,1
MAXIMO  ,LAYOUT,SQL251206163701010,LAYOUTID,1
MAXIMO  ,LBSLOCATION,SQL251206163701140,LBSLOCATIONID,1
MAXIMO  ,LDAPSYNCPARAMS,SQL251206163701270,LDAPSYNCPARAMSID,1
MAXIMO  ,LIMITTOLERANCE,SQL251206163701400,LIMITTOLERANCEID,1
MAXIMO  ,LINEARAPPLAYER,SQL251206163701530,LINEARAPPLAYERID,1
MAXIMO  ,LINEARATTRIBUTEDEFAULT,SQL251206163701730,LINEARATTRIBUTEDEFAULTID,1
MAXIMO  ,LINEARLAYER,SQL251206163701950,LINEARLAYERID,1
MAXIMO  ,LINEARREFMETHOD,SQL251206163702080,LINEARREFMETHODID,1
MAXIMO  ,LMO,SQL251206163702220,LMOID,1
MAXIMO  ,LMOATT,SQL251206163702350,LMOATTID,1
MAXIMO  ,LMOIMRLN,SQL251206163702490,LMOIMRLNID,1
MAXIMO  ,LNRRECALIB,SQL251206163702620,LNRRECALIBID,1
MAXIMO  ,LNRRECALIBNONAF,SQL251206163702760,LNRRECALIBNONAFID,1
MAXIMO  ,LOCANCESTOR,SQL251206163702890,LOCANCESTORID,1
MAXIMO  ,LOCATIONMETER,SQL251206163703020,LOCATIONMETERID,1
MAXIMO  ,LOCATIONMNTSKD,SQL251206163703160,LOCATIONMNTSKDID,1
MAXIMO  ,LOCATIONOPSKD,SQL251206163703290,LOCATIONOPSKDID,1
MAXIMO  ,LOCATIONS,SQL251206163703540,LOCATIONSID,1
MAXIMO  ,LOCATIONSGEOHASH,SQL251206163703680,LOCATIONSGEOHASHID,1
MAXIMO  ,LOCATIONSPEC,SQL251206163703810,LOCATIONSPECID,1
MAXIMO  ,LOCATIONWORKZONE,SQL251206163703930,LOCATIONWORKZONEID,1
MAXIMO  ,LOCAUTH,SQL251206163704060,LOCAUTHID,1
MAXIMO  ,LOCHIERARCHY,SQL251206163704200,LOCHIERARCHYID,1
MAXIMO  ,LOCKOUT,SQL251206163704320,LOCKOUTID,1
MAXIMO  ,LOCLEADTIME,SQL251206163704450,LOCLEADTIMEID,1
MAXIMO  ,LOCMETERREADING,SQL251206163704580,METERREADINGID,1
MAXIMO  ,LOCOPER,SQL251206163704720,LOCOPERID,1
MAXIMO  ,LOCSTATUS,SQL251206163704840,LOCSTATUSID,1
MAXIMO  ,LOCSYSTEM,SQL251206163704970,LOCSYSTEMID,1
MAXIMO  ,LOGICALRELATIONSHIP,SQL251206163705110,LOGICALRELATIONSHIPID,1
MAXIMO  ,LOGINBLOCK,SQL251206163705230,LOGINBLOCKID,1
MAXIMO  ,LOGINTRACKING,SQL251206163705360,LOGINTRACKINGID,1
MAXIMO  ,LOGREQUEST,SQL251206163705490,LOGREQUESTID,1
MAXIMO  ,LOGREQUESTDET,SQL251206163705620,LOGREQUESTDETID,1
MAXIMO  ,LONGDESCRIPTION,SQL251206163705810,LONGDESCRIPTIONID,1
MAXIMO  ,LRKEYS,SQL251206163705930,LRKEYSID,1
MAXIMO  ,LTPATOKEN,SQL251206163706070,LTPATOKENID,1
MAXIMO  ,LVCMSGINFO,SQL251206163706270,LVCMSGINFOID,1
MAXIMO  ,LVCMSGINFODFLT,SQL251206163706470,LVCMSGINFODFLTID,1
MAXIMO  ,LVCSYMBOLOGY,SQL251206163706680,LVCSYMBOLOGYID,1
MAXIMO  ,LVCSYMBOLOGYDFLT,SQL251206163706880,LVCSYMBOLOGYDFLTID,1
MAXIMO  ,L_ALNDOMAIN,SQL251206163707010,L_ALNDOMAINID,1
MAXIMO  ,L_ASSETATTRIBUTE,SQL251206163707140,L_ASSETATTRIBUTEID,1
MAXIMO  ,L_COMMTEMPLATE,SQL251206163707340,L_COMMTEMPLATEID,1
MAXIMO  ,L_COMPANIES,SQL251206163707480,L_COMPANIESID,1
MAXIMO  ,L_CONDITION,SQL251206163707610,L_CONDITIONID,1
MAXIMO  ,L_COSTTYPE,SQL251206163707750,L_COSTTYPEID,1
MAXIMO  ,L_CTRLCONDPROP,SQL251206163707890,L_CTRLCONDPROPID,1
MAXIMO  ,L_DMCOLLAPPTOOLBAR,SQL251206163708030,L_DMCOLLAPPTOOLBARID,1
MAXIMO  ,L_INSIGHT,SQL251206163708150,L_INSIGHTID,1
MAXIMO  ,L_ITEM,SQL251206163708280,L_ITEMID,1
MAXIMO  ,L_KPIMAIN,SQL251206163708400,L_KPIMAINID,1
MAXIMO  ,L_MAPTIPMENU,SQL251206163708530,L_MAPTIPMENUID,1
MAXIMO  ,L_MAXAPPS,SQL251206163708650,L_MAXAPPSID,1
MAXIMO  ,L_MAXATTRCFG,SQL251206163708790,L_MAXATTRCFGID,1
MAXIMO  ,L_MAXATTRIBUTE,SQL251206163708920,L_MAXATTRIBUTEID,1
MAXIMO  ,L_MAXDOMAIN,SQL251206163709060,L_MAXDOMAINID,1
MAXIMO  ,L_MAXINTOBJDETAIL,SQL251206163709180,L_MAXINTOBJDETAILID,1
MAXIMO  ,L_MAXINTOBJECT,SQL251206163709310,L_MAXINTOBJECTID,1
MAXIMO  ,L_MAXLABELS,SQL251206163709430,L_MAXLABELSID,1
MAXIMO  ,L_MAXLOGMSGTOOLBAR,SQL251206163709560,L_MAXLOGMSGTOOLBARID,1
MAXIMO  ,L_MAXMENU,SQL251206163709700,L_MAXMENUID,1
MAXIMO  ,L_MAXMESSAGES,SQL251206163709830,L_MAXMESSAGESID,1
MAXIMO  ,L_MAXMODULES,SQL251206163709960,L_MAXMODULESID,1
MAXIMO  ,L_MAXOBJECT,SQL251206163710090,L_MAXOBJECTID,1
MAXIMO  ,L_MAXOBJECTCFG,SQL251206163710220,L_MAXOBJECTCFGID,1
MAXIMO  ,L_MAXSERVICE,SQL251206163710350,L_MAXSERVICEID,1
MAXIMO  ,L_MFMAILCFG,SQL251206163710480,L_MFMAILCFGID,1
MAXIMO  ,L_MFMAILWF,SQL251206163710600,L_MFMAILWFID,1
MAXIMO  ,L_MFMAILWFVALCFG,SQL251206163710730,L_MFMAILWFVALCFGID,1
MAXIMO  ,L_NUMERICDOMAIN,SQL251206163710860,L_NUMERICDOMAINID,1
MAXIMO  ,L_OSLCQUERY,SQL251206163710990,L_OSLCQUERYID,1
MAXIMO  ,L_OSOSLCACTION,SQL251206163711120,L_OSOSLCACTIONID,1
MAXIMO  ,L_PALETTEITEM,SQL251206163711250,L_PALETTEITEMID,1
MAXIMO  ,L_QUERY,SQL251206163711380,L_QUERYID,1
MAXIMO  ,L_REPORT,SQL251206163711510,L_REPORTID,1
MAXIMO  ,L_REPORTDELIVERY,SQL251206163711640,L_REPORTDELIVERYID,1
MAXIMO  ,L_REPORTDESIGN,SQL251206163711760,L_REPORTDESIGNID,1
MAXIMO  ,L_REPORTDISPFMT,SQL251206163711900,L_REPORTDISPFMTID,1
MAXIMO  ,L_REPORTEMAILFILE,SQL251206163712030,L_REPORTEMAILFILEID,1
MAXIMO  ,L_REPORTLABEL,SQL251206163712160,L_REPORTLABELID,1
MAXIMO  ,L_REPORTLOOKUP,SQL251206163712290,L_REPORTLOOKUPID,1
MAXIMO  ,L_SIGOPTION,SQL251206163712420,L_SIGOPTIONID,1
MAXIMO  ,L_SKDACTION,SQL251206163712550,L_SKDACTIONID,1
MAXIMO  ,L_SKDDATAGROUP,SQL251206163712670,L_SKDDATAGROUPID,1
MAXIMO  ,L_SKDODMAPP,SQL251206163712810,L_SKDODMAPPID,1
MAXIMO  ,L_SKDPROPERTY,SQL251206163712930,L_SKDPROPERTYID,1
MAXIMO  ,L_SKDRESOURCEVIEW,SQL251206163713050,L_SKDRESOURCEVIEWID,1
MAXIMO  ,L_SOLUTION,SQL251206163713180,L_SOLUTIONID,1
MAXIMO  ,L_SYNONYMDOMAIN,SQL251206163713310,L_SYNONYMDOMAINID,1
MAXIMO  ,L_VIEWMANAGER,SQL251206163713440,L_VIEWMANAGERID,1
MAXIMO  ,L_WFAPPTOOLBAR,SQL251206163713570,L_WFAPPTOOLBARID,1
MAXIMO  ,MAFAPPDATA,SQL251206163713770,MAFAPPDATAID,1
MAXIMO  ,MAFMAPPRELOADCFG,SQL251206163713910,MAFMAPPRELOADCFGID,1
MAXIMO  ,MAPMANAGER,SQL251206163714130,MAPMANAGERID,1
MAXIMO  ,MAPSITES,SQL251206163714250,MAPSITESID,1
MAXIMO  ,MAPSKETCH,SQL251206163714470,MAPSKETCHID,1
MAXIMO  ,MAPSYMBOLOGYDEFAULT,SQL251206163714680,MAPSYMBOLOGYDEFAULTID,1
MAXIMO  ,MAPTIP,SQL251206163714880,MAPTIPID,1
MAXIMO  ,MAPTIPDEFAULTS,SQL251206163715080,MAPTIPDEFAULTSID,1
MAXIMO  ,MAPTIPMENU,SQL251206163715210,MAPTIPMENUID,1
MAXIMO  ,MASLICAPPACCESS,SQL251206163715340,MASLICAPPACCESSID,1
MAXIMO  ,MASLICAPPOPTACCESS,SQL251206163715470,MASLICAPPOPTACCESSID,1
MAXIMO  ,MASLICAPPOPTPROD,SQL251206163715590,MASLICAPPOPTPRODID,1
MAXIMO  ,MASLICUSAGE,SQL251206163715730,MASLICUSAGEID,1
MAXIMO  ,MASTERPM,SQL251206163715880,MASTERPMID,1
MAXIMO  ,MASTERPMMETER,SQL251206163716010,MASTERPMMETERID,1
MAXIMO  ,MASTERPMSEASONS,SQL251206163716140,MASTERPMSEASONSID,1
MAXIMO  ,MASTERPMSEQ,SQL251206163716380,MASTERPMSEQID,1
MAXIMO  ,MATRECTRANS,SQL251206163716540,MATRECTRANSID,1
MAXIMO  ,MATUSETRANS,SQL251206163716700,MATUSETRANSID,1
MAXIMO  ,MAXAPPS,SQL251206163716830,MAXAPPSID,1
MAXIMO  ,MAXASYNCJOB,SQL251206163716950,MAXASYNCJOBID,1
MAXIMO  ,MAXASYNCJOBMSG,SQL251206163717080,MAXASYNCJOBMSGID,1
MAXIMO  ,MAXASYNCJOBPARAM,SQL251206163717200,MAXASYNCJOBPARAMID,1
MAXIMO  ,MAXATTRIBUTE,SQL251206163717340,MAXATTRIBUTEID,1
MAXIMO  ,MAXATTRIBUTECFG,SQL251206163717470,MAXATTRIBUTEID,1
MAXIMO  ,MAXATTRIBUTESKIPCOPY,SQL251206163717590,MAXATTRIBUTESKIPCOPYID,1
MAXIMO  ,MAXCOMPONENT,SQL251206163717790,MAXCOMPONENTID,1
MAXIMO  ,MAXCONDDETAIL,SQL251206163717920,MAXCONDDETAILID,1
MAXIMO  ,MAXCONTROLVALUE,SQL251206163718040,MAXCONTROLVALUEID,1
MAXIMO  ,MAXDATAPREFIX,SQL251206163718170,MAXDATAPREFIXID,1
MAXIMO  ,MAXDOMAIN,SQL251206163718290,MAXDOMAINID,1
MAXIMO  ,MAXDOMAINLINK,SQL251206163718410,MAXDOMAINLINKID,1
MAXIMO  ,MAXDOMVALCOND,SQL251206163718540,MAXDOMVALCONDID,1
MAXIMO  ,MAXDYNAMICDOMLINK,SQL251206163718670,MAXDYNAMICDOMLINKID,1
MAXIMO  ,MAXENDPOINT,SQL251206163718800,MAXENDPOINTID,1
MAXIMO  ,MAXENDPOINTDTL,SQL251206163718920,MAXENDPOINTDTLID,1
MAXIMO  ,MAXEXTBOOLVAL,SQL251206163719060,MAXEXTBOOLVALID,1
MAXIMO  ,MAXEXTCTLVAL,SQL251206163719190,MAXEXTCTLVALID,1
MAXIMO  ,MAXEXTIFACEIN,SQL251206163719320,MAXEXTIFACEINID,1
MAXIMO  ,MAXEXTIFACEOUT,SQL251206163719440,MAXEXTIFACEOUTID,1
MAXIMO  ,MAXEXTLISTVAL,SQL251206163719560,MAXEXTLISTVALID,1
MAXIMO  ,MAXEXTOVER,SQL251206163719690,MAXEXTOVERID,1
MAXIMO  ,MAXEXTSYSCONTROL,SQL251206163719820,MAXEXTSYSCONTROLID,1
MAXIMO  ,MAXEXTSYSTEM,SQL251206163719950,MAXEXTSYSTEMID,1
MAXIMO  ,MAXEXTXREFVAL,SQL251206163720070,MAXEXTXREFVALID,1
MAXIMO  ,MAXGRAPHQUERYATTR,SQL251206163720190,MAXGRAPHQUERYATTRID,1
MAXIMO  ,MAXGRAPHRELATION,SQL251206163720320,MAXGRAPHRELATIONID,1
MAXIMO  ,MAXGRAPHRELATTR,SQL251206163720450,MAXGRAPHRELATTRID,1
MAXIMO  ,MAXGROUP,SQL251206163720600,MAXGROUPID,1
MAXIMO  ,MAXHANDLER,SQL251206163720730,MAXHANDLERID,1
MAXIMO  ,MAXIFACECOND,SQL251206163720870,MAXIFACECONDID,1
MAXIMO  ,MAXIFACECONTROL,SQL251206163721010,MAXIFACECONTROLID,1
MAXIMO  ,MAXIFACEEXPORT,SQL251206163721150,MAXIFACEEXPORTID,1
MAXIMO  ,MAXIFACEIN,SQL251206163721290,MAXIFACEINID,1
MAXIMO  ,MAXIFACEINCNTL,SQL251206163721430,MAXIFACEINCNTLID,1
MAXIMO  ,MAXIFACEINDETAIL,SQL251206163721560,MAXIFACEINDETAILID,1
MAXIMO  ,MAXIFACEINVOKE,SQL251206163721700,MAXIFACEINVOKEID,1
MAXIMO  ,MAXIFACEOUT,SQL251206163721830,MAXIFACEOUTID,1
MAXIMO  ,MAXIFACEOUTCNTL,SQL251206163721950,MAXIFACEOUTCNTLID,1
MAXIMO  ,MAXIFACEPROC,SQL251206163722080,MAXIFACEPROCID,1
MAXIMO  ,MAXIFACETYPEPROP,SQL251206163722210,MAXIFACETYPEPROPID,1
MAXIMO  ,MAXIM,SQL251206163722330,MAXIMID,1
MAXIMO  ,MAXIMPROP,SQL251206163722460,MAXIMPROPID,1
MAXIMO  ,MAXINTERACTION,SQL251206163722660,MAXINTERACTIONID,1
MAXIMO  ,MAXINTERROR,SQL251206163722850,MAXINTERRORID,1
MAXIMO  ,MAXINTERROREXTRACT,SQL251206163723050,MAXINTERROREXTRACTID,1
MAXIMO  ,MAXINTERRORMSG,SQL251206163723260,MAXINTERRORMSGID,1
MAXIMO  ,MAXINTLISTENER,SQL251206163723380,MAXINTLISTENERID,1
MAXIMO  ,MAXINTMAPPING,SQL251206163723510,MAXINTMAPPINGID,1
MAXIMO  ,MAXINTMAPPINGDETAIL,SQL251206163723630,MAXINTMAPPINGDETAILID,1
MAXIMO  ,MAXINTMSGTRK,SQL251206163723820,MAXINTMSGTRKID,1
MAXIMO  ,MAXINTMSGTRKDTL,SQL251206163723940,MAXINTMSGTRKDTLID,1
MAXIMO  ,MAXINTOBJALIAS,SQL251206163724070,MAXINTOBJALIASID,1
MAXIMO  ,MAXINTOBJAPP,SQL251206163724190,MAXINTOBJAPPID,1
MAXIMO  ,MAXINTOBJCOLS,SQL251206163724300,MAXINTOBJCOLSID,1
MAXIMO  ,MAXINTOBJDETAIL,SQL251206163724430,MAXINTOBJDETAILID,1
MAXIMO  ,MAXINTOBJECT,SQL251206163724570,MAXINTOBJECTID,1
MAXIMO  ,MAXINTPOLICY,SQL251206163724700,MAXINTPOLICYID,1
MAXIMO  ,MAXINTPOLICYPARAM,SQL251206163724820,MAXINTPOLICYPARAMID,1
MAXIMO  ,MAXKAFKAOFFSET,SQL251206163724950,MAXKAFKAOFFSETID,1
MAXIMO  ,MAXLABELS,SQL251206163725080,MAXLABELSID,1
MAXIMO  ,MAXLAUNCHENTRY,SQL251206163725200,MAXLAUNCHENTRYID,1
MAXIMO  ,MAXLECONTEXT,SQL251206163725330,MAXLECONTEXTID,1
MAXIMO  ,MAXLICAPPACCESS,SQL251206163725470,MAXLICAPPACCESSID,1
MAXIMO  ,MAXLICAPPMODEXT,SQL251206163725600,MAXLICAPPMODEXTID,1
MAXIMO  ,MAXLICAPPS,SQL251206163725730,MAXLICAPPSID,1
MAXIMO  ,MAXLICAVGROUPMAP,SQL251206163725850,MAXLICAVGROUPMAPID,1
MAXIMO  ,MAXLICAVOPTS,SQL251206163725980,MAXLICAVOPTSID,1
MAXIMO  ,MAXLICAVTYPES,SQL251206163726110,MAXLICAVTYPESID,1
MAXIMO  ,MAXLICCONCITVLUSAGE,SQL251206163726230,MAXLICCONCITVLUSAGEID,1
MAXIMO  ,MAXLICENSE,SQL251206163726380,MAXLICENSEID,1
MAXIMO  ,MAXLICINCLADDON,SQL251206163726500,MAXLICINCLADDONID,1
MAXIMO  ,MAXLICPRDKEYLIST,SQL251206163726620,MAXLICPRDKEYLISTID,1
MAXIMO  ,MAXLICPRODAPPS,SQL251206163726750,MAXLICPRODAPPSID,1
MAXIMO  ,MAXLICPRODLST,SQL251206163726870,MAXLICPRODLSTID,1
MAXIMO  ,MAXLICPRODVUE,SQL251206163726990,MAXLICPRODVUEID,1
MAXIMO  ,MAXLICPURCHDET,SQL251206163727120,MAXLICPURCHDETID,1
MAXIMO  ,MAXLICRVU,SQL251206163727240,MAXLICRVUID,1
MAXIMO  ,MAXLICRVUUSAGE,SQL251206163727370,MAXLICRVUUSAGEID,1
MAXIMO  ,MAXLICSELFSRVAPPS,SQL251206163727490,MAXLICSELFSRVAPPSID,1
MAXIMO  ,MAXLICSIGFLAGLINK,SQL251206163727610,MAXLICSIGFLAGLINKID,1
MAXIMO  ,MAXLICSTATUS,SQL251206163727730,MAXLICSTATUSID,1
MAXIMO  ,MAXLICTYPESTATUS,SQL251206163727860,MAXLICTYPESTATUSID,1
MAXIMO  ,MAXLICUSAGE,SQL251206163727990,MAXLICUSAGEID,1
MAXIMO  ,MAXLICUSERASC,SQL251206163728110,MAXLICUSERASCID,1
MAXIMO  ,MAXLICUSGCONCURT,SQL251206163728320,MAXLICUSGCONCURTID,1
MAXIMO  ,MAXLICUSGSMRY,SQL251206163728450,MAXLICUSGSMRYID,1
MAXIMO  ,MAXLICUSGVAR,SQL251206163728580,MAXLICUSGVARID,1
MAXIMO  ,MAXLISTOVERVAL,SQL251206163728700,MAXLISTOVERVALID,1
MAXIMO  ,MAXLOGAPPENDER,SQL251206163728820,MAXLOGAPPENDERID,1
MAXIMO  ,MAXLOGGER,SQL251206163728970,MAXLOGGERID,1
MAXIMO  ,MAXLOGMSGTOOLBAR,SQL251206163729080,MAXLOGMSGTOOLBARID,1
MAXIMO  ,MAXLOOKUPMAP,SQL251206163729210,MAXLOOKUPMAPID,1
MAXIMO  ,MAXMENU,SQL251206163729330,MAXMENUID,1
MAXIMO  ,MAXMESSAGES,SQL251206163729460,MAXMESSAGESID,1
MAXIMO  ,MAXMOBILESCHEMA,SQL251206163729660,MAXMOBILESCHEMAID,1
MAXIMO  ,MAXMODULES,SQL251206163729780,MAXMODULESID,1
MAXIMO  ,MAXOAUTHCLIENT,SQL251206163729900,MAXOAUTHCLIENTID,1
MAXIMO  ,MAXOBJECT,SQL251206163730030,MAXOBJECTID,1
MAXIMO  ,MAXOBJECTCFG,SQL251206163730150,MAXOBJECTID,1
MAXIMO  ,MAXPDATA,SQL251206163730270,MAXPDATAID,1
MAXIMO  ,MAXPRESENTATION,SQL251206163730470,MAXPRESENTATIONID,1
MAXIMO  ,MAXPROCCOLS,SQL251206163730600,MAXPROCCOLSID,1
MAXIMO  ,MAXPROP,SQL251206163730720,MAXPROPID,1
MAXIMO  ,MAXPROPVALUE,SQL251206163730840,MAXPROPVALUEID,1
MAXIMO  ,MAXPUSHDEVTYPE,SQL251206163730980,MAXPUSHDEVTYPEID,1
MAXIMO  ,MAXPUSHPROVIDER,SQL251206163731110,MAXPUSHPROVIDERID,1
MAXIMO  ,MAXPUSHPROVIDERDEVTYPE,SQL251206163731320,MAXPUSHPROVIDERDEVTYPEID,1
MAXIMO  ,MAXQUEUE,SQL251206163731450,MAXQUEUEID,1
MAXIMO  ,MAXRECORDLOCK,SQL251206163731570,MAXRECORDLOCKID,1
MAXIMO  ,MAXRELATIONSHIP,SQL251206163731690,MAXRELATIONSHIPID,1
MAXIMO  ,MAXREPLACEPROC,SQL251206163731820,MAXREPLACEPROCID,1
MAXIMO  ,MAXROLE,SQL251206163731960,MAXROLEID,1
MAXIMO  ,MAXROWSTAMP,SQL251206163732080,MAXROWSTAMPID,1
MAXIMO  ,MAXSEQUENCE,SQL251206163732130,MAXSEQUENCEID,1
MAXIMO  ,MAXSERVICE,SQL251206163732260,MAXSERVICEID,1
MAXIMO  ,MAXSERVSECURITY,SQL251206163732390,MAXSERVSECURITYID,1
MAXIMO  ,MAXSESSION,SQL251206163732510,MAXSESSIONUID,1
MAXIMO  ,MAXSYSINDEXES,SQL251206163732630,MAXSYSINDEXESID,1
MAXIMO  ,MAXSYSKEYS,SQL251206163732750,MAXSYSKEYSID,1
MAXIMO  ,MAXTABLE,SQL251206163732810,MAXTABLEID,1
MAXIMO  ,MAXTABLECFG,SQL251206163732930,MAXTABLEID,1
MAXIMO  ,MAXTABLEDOMAIN,SQL251206163733050,MAXTABLEDOMAINID,1
MAXIMO  ,MAXTESTFIX,SQL251206163733250,MAXTESTFIXID,1
MAXIMO  ,MAXTHREADLOGGER,SQL251206163733370,MAXTHREADLOGGERID,1
MAXIMO  ,MAXTHREADLOGGERDET,SQL251206163733480,MAXTHREADLOGGERDETID,1
MAXIMO  ,MAXTOKEN,SQL251206163733600,MAXTOKENID,1
MAXIMO  ,MAXTRANSFORMPROC,SQL251206163733730,MAXTRANSFORMPROCID,1
MAXIMO  ,MAXUSER,SQL251206163733890,MAXUSERID,1
MAXIMO  ,MAXUSERAPPLOG,SQL251206163734020,MAXUSERAPPLOGID,1
MAXIMO  ,MAXUSERNPS,SQL251206163734140,MAXUSERNPSID,1
MAXIMO  ,MAXUSERSTATUS,SQL251206163734270,MAXUSERSTATUSID,1
MAXIMO  ,MAXUSRDBAUTHINFO,SQL251206163734380,MAXUSRDBAUTHINFOID,1
MAXIMO  ,MAXVARS,SQL251206163734510,MAXVARSID,1
MAXIMO  ,MAXVARTYPE,SQL251206163734640,MAXVARTYPEID,1
MAXIMO  ,MAXVIEW,SQL251206163734700,MAXVIEWID,1
MAXIMO  ,MAXVIEWCFG,SQL251206163734820,MAXVIEWID,1
MAXIMO  ,MAXVIEWCOLUMN,SQL251206163734940,MAXVIEWCOLUMNID,1
MAXIMO  ,MAXVIEWCOLUMNCFG,SQL251206163735050,MAXVIEWCOLUMNID,1
MAXIMO  ,MAXWORKCENTER,SQL251206163735170,MAXWORKCENTERID,1
MAXIMO  ,MAXWORKCENTERFILES,SQL251206163735360,MAXWORKCENTERFILESID,1
MAXIMO  ,MAXWSREGISTRY,SQL251206163735480,MAXWSREGISTRYID,1
MAXIMO  ,MAXXREFOVERVAL,SQL251206163735600,MAXXREFOVERVALID,1
MAXIMO  ,MEASUREMENT,SQL251206163735730,MEASUREMENTID,1
MAXIMO  ,MEASUREPOINT,SQL251206163735850,MEASUREPOINTID,1
MAXIMO  ,MEASUREUNIT,SQL251206163735970,MEASUREUNITUID,1
MAXIMO  ,MEA_DUMMY_TABLE,SQL251206163736080,MEA_DUMMY_TABLEID,1
MAXIMO  ,METER,SQL251206163736200,METERID,1
MAXIMO  ,METERGROUP,SQL251206163736330,METERGROUPID,1
MAXIMO  ,METERINGROUP,SQL251206163736450,METERINGROUPID,1
MAXIMO  ,METERREADING,SQL251206163736590,METERREADINGID,1
MAXIMO  ,MFMAILCFG,SQL251206163736700,MFMAILCFGID,1
MAXIMO  ,MFMAILST,SQL251206163736820,MFMAILSTID,1
MAXIMO  ,MFMAILSTCFG,SQL251206163736950,MFMAILSTCFGID,1
MAXIMO  ,MFMAILSTVALCFG,SQL251206163737070,MFMAILSTVALCFGID,1
MAXIMO  ,MFMAILTRACK,SQL251206163737200,MFMAILTRACKID,1
MAXIMO  ,MFMAILWF,SQL251206163737320,MFMAILWFID,1
MAXIMO  ,MFMAILWFNODECFG,SQL251206163737440,MFMAILWFNODECFGID,1
MAXIMO  ,MFMAILWFVALCFG,SQL251206163737560,MFMAILWFVALCFGID,1
MAXIMO  ,MOBILEDB,SQL251206163737750,MOBILEDBID,1
MAXIMO  ,MOBILEDBCROPAR,SQL251206163737870,MOBILEDBCROPARID,1
MAXIMO  ,MODAVAIL,SQL251206163738000,MODAVAILID,1
MAXIMO  ,MR,SQL251206163738140,MRID,1
MAXIMO  ,MRCOST,SQL251206163738290,MRCOSTID,1
MAXIMO  ,MRLINE,SQL251206163738440,MRLINEID,1
MAXIMO  ,MRSTATUS,SQL251206163738560,MRSTATUSSEQ,1
MAXIMO  ,MSGHUBPROVIDER,SQL251206163738680,MSGHUBPROVIDERID,1
MAXIMO  ,MSGHUBPROVIDERCFG,SQL251206163738800,MSGHUBPROVIDERCFGID,1
MAXIMO  ,MSGHUBPROVIDERTYPE,SQL251206163738920,MSGHUBPROVIDERTYPEID,1
MAXIMO  ,MULTIASSETLOCCI,SQL251206163739160,MULTIID,1
MAXIMO  ,MULTIASSETLOCCIPR,SQL251206163739290,MULTIASSETLOCCIPRID,1
MAXIMO  ,MXCOLLAB,SQL251206163739400,MXCOLLABID,1
MAXIMO  ,MXCOLLABREF,SQL251206163739520,MXCOLLABREFID,1
MAXIMO  ,MXODMAPP,SQL251206163739710,MXODMAPPID,1
MAXIMO  ,MXODMAPPPKG,SQL251206163739900,MXODMAPPPKGID,1
MAXIMO  ,MXTOUR,SQL251206163740170,MXTOURID,1
MAXIMO  ,NAMEDUSERS,SQL251206163740290,NAMEDUSERSID,1
MAXIMO  ,NONWORKTIME,SQL251206163740410,NONWORKTIMEID,1
MAXIMO  ,NOTFMSGTEMPLATE,SQL251206163740540,NOTFMSGTEMPLATEID,1
MAXIMO  ,NUMERICDOMAIN,SQL251206163740660,NUMERICDOMAINID,1
MAXIMO  ,NUMRANGEDOMAIN,SQL251206163740790,NUMRANGEDOMAINID,1
MAXIMO  ,OBJECTAPPAUTH,SQL251206163740920,OBJECTAPPAUTHID,1
MAXIMO  ,OBJECTFORMULA,SQL251206163741040,OBJECTFORMULAID,1
MAXIMO  ,OBJECTFORMULACOND,SQL251206163741170,OBJECTFORMULACONDID,1
MAXIMO  ,OMP,SQL251206163741380,OMPID,1
MAXIMO  ,OMPCIRLN,SQL251206163741500,OMPCIRLNID,1
MAXIMO  ,OMPIMLMORLN,SQL251206163741620,OMPIMLMORLNID,1
MAXIMO  ,OMPIMRLN,SQL251206163741740,OMPIMRLNID,1
MAXIMO  ,OOG_ABOWNERHIST,SQL251206163741870,OOG_ABOWNERHISTID,1
MAXIMO  ,OOG_ALERT,SQL251206163742000,OOG_ALERTID,1
MAXIMO  ,OOG_ALERTLABOR,SQL251206163742110,OOG_ALERTLABORID,1
MAXIMO  ,OOG_ALERTMATERIAL,SQL251206163742230,OOG_ALERTMATERIALID,1
MAXIMO  ,OOG_ALERTMULTASSETLOC,SQL251206163742370,OOG_ALERTMULTASSETLOCID,1
MAXIMO  ,OOG_ALERTSERVICE,SQL251206163742490,OOG_ALERTSERVICEID,1
MAXIMO  ,OOG_ALERTSTATUS,SQL251206163742620,OOG_ALERTSTATUSID,1
MAXIMO  ,OOG_ALERTTASK,SQL251206163742740,OOG_ALERTTASKID,1
MAXIMO  ,OOG_ASSETCOUNTER,SQL251206163742870,OOG_ASSETCOUNTERID,1
MAXIMO  ,OOG_BACKLOADLINE,SQL251206163743100,OOG_BACKLOADLINEID,1
MAXIMO  ,OOG_CARGOMAN,SQL251206163743230,OOG_CARGOMANID,1
MAXIMO  ,OOG_CARGOMANLINE,SQL251206163743370,OOG_CARGOMANLINEID,1
MAXIMO  ,OOG_CMBSTATUS,SQL251206163743510,OOG_CMBSTATUSID,1
MAXIMO  ,OOG_CMDISCREPANCY,SQL251206163743650,OOG_CMDISCREPANCYID,1
MAXIMO  ,OOG_CMLINE,SQL251206163743790,OOG_CMLINEID,1
MAXIMO  ,OOG_COMP_CTRL,SQL251206163743920,OOG_COMP_CTRLID,1
MAXIMO  ,OOG_CONJUNTOITENS,SQL251206163744050,OOG_CONJUNTOITENSID,1
MAXIMO  ,OOG_CONTRACTAUTH,SQL251206163744170,OOG_CONTRACTAUTHID,1
MAXIMO  ,OOG_COTACAO,SQL251206163744310,OOG_COTACAOID,1
MAXIMO  ,OOG_CRITERIAAUDIT,SQL251206163744430,OOG_CRITERIAAUDITID,1
MAXIMO  ,OOG_CUSTOS,SQL251206163744560,OOG_CUSTOSID,1
MAXIMO  ,OOG_DISCREPANCY,SQL251206163744680,OOG_DISCREPANCYID,1
MAXIMO  ,OOG_DISCREPANCYHEADER,SQL251206163744810,OOG_DISCREPANCYHEADERID,1
MAXIMO  ,OOG_DOCRELATED,SQL251206163745370,OOG_DOCRELATEDID,1
MAXIMO  ,OOG_DRAKE,SQL251206163745490,OOG_DRAKEID,1
MAXIMO  ,OOG_FMECATEAM,SQL251206163745610,OOG_RISKTEAMID,1
MAXIMO  ,OOG_GROUPTEAM,SQL251206163745730,OOG_GROUPTEAMID,1
MAXIMO  ,OOG_ITENS_WO,SQL251206163745850,OOG_ITENS_WOID,1
MAXIMO  ,OOG_JOBCLASSXTYPE,SQL251206163745970,OOG_JOBCLASSXTYPEID,1
MAXIMO  ,OOG_MANIFEST,SQL251206163746100,OOG_MANIFESTID,1
MAXIMO  ,OOG_MANIFESTBACKLOAD,SQL251206163746230,OOG_MANIFESTBACKLOADID,1
MAXIMO  ,OOG_MEETWORKTEAM,SQL251206163746360,OOG_MEETWORKTEAMID,1
MAXIMO  ,OOG_MEMOSTATUSLOG,SQL251206163746470,OOG_MEMOSTATUSLOGID,1
MAXIMO  ,OOG_MOCDETAIL,SQL251206163746610,OOG_MOCDETAILID,1
MAXIMO  ,OOG_MOCQUESTIONS,SQL251206163746740,OOG_MOCQUESTIONSID,1
MAXIMO  ,OOG_ORGEXP,SQL251206163746860,OOG_ORGEXPID,1
MAXIMO  ,OOG_PERSONGROUPTEAM,SQL251206163746980,OOG_PERSONGROUPTEAMID,1
MAXIMO  ,OOG_PRLINE_TEMP,SQL251206163747180,OOG_PRLINE_TEMPID,1
MAXIMO  ,OOG_PROPOSAL,SQL251206163747290,OOG_PROPOSALID,1
MAXIMO  ,OOG_PRTRKMXPR,SQL251206163747410,OOG_PRTRKMXPRID,1
MAXIMO  ,OOG_PRTRKOACM,SQL251206163747550,OOG_PRTRKOACMID,1
MAXIMO  ,OOG_PRTRKOAIMP,SQL251206163747680,OOG_PRTRKOAIMPID,1
MAXIMO  ,OOG_PRTRKOAINV,SQL251206163747810,OOG_PRTRKOAINVID,1
MAXIMO  ,OOG_PRTRKOAPO,SQL251206163747950,OOG_PRTRKOAPOID,1
MAXIMO  ,OOG_PRTRKOAPOCLONE,SQL251206163748070,OOG_PRTRKOAPOCLONEID,1
MAXIMO  ,OOG_PRTRKOAPR,SQL251206163748190,OOG_PRTRKOAPRID,1
MAXIMO  ,OOG_PRTRKOARECEIPT,SQL251206163748320,OOG_PRTRKOARECEIPTID,1
MAXIMO  ,OOG_PRTRKOARFQ,SQL251206163748430,OOG_PRTRKOARFQID,1
MAXIMO  ,OOG_PTVIEWER,SQL251206163748620,OOG_PTVIEWERID,1
MAXIMO  ,OOG_PTWRELATEDRISKS,SQL251206163748740,OOG_PTWRELATEDRISKSID,1
MAXIMO  ,OOG_QUADRAKE,SQL251206163748860,OOG_QUADRAKEID,1
MAXIMO  ,OOG_RELATEDRECORD,SQL251206163748970,OOG_RELATEDRECORDID,1
MAXIMO  ,OOG_RES_AB,SQL251206163749100,OOG_RES_ABID,1
MAXIMO  ,OOG_RSK_PNL_ALERTS,SQL251206163749280,OOG_RSK_PNL_ALERTSID,1
MAXIMO  ,OOG_RSK_PNL_CLASSIFICATIONS,SQL251206163749410,OOG_RSK_PNL_CLASSIFICATIONSID,1
MAXIMO  ,OOG_RSK_PNL_ENRGY,SQL251206163749530,OOG_RSK_PNL_ENRGYID,1
MAXIMO  ,OOG_RSK_PNL_MITIGATIONS,SQL251206163749660,OOG_RSK_PNL_MITIGATIONSID,1
MAXIMO  ,OOG_SIMOOPS,SQL251206163749780,OOG_SIMOOPSID,1
MAXIMO  ,OOG_SITUATION,SQL251206163749920,OOG_SITUATIONID,1
MAXIMO  ,OOG_SV_LINE,SQL251206163750050,OOG_SV_LINEID,1
MAXIMO  ,OOG_TEMPLATE_SITE,SQL251206163750180,OOG_TEMPLATE_SITEID,1
MAXIMO  ,OOG_TPEXP,SQL251206163750300,OOG_TPEXPID,1
MAXIMO  ,OOG_TRAINING,SQL251206163750430,OOG_TRAININGID,1
MAXIMO  ,OOG_TRAJETO,SQL251206163750550,OOG_TRAJETOID,1
MAXIMO  ,OOG_TUTOR,SQL251206163750680,OOG_TUTORID,1
MAXIMO  ,OOG_TUTOR_CHECKLIST,SQL251206163750810,OOG_TUTOR_CHECKLISTID,1
MAXIMO  ,OOG_TUTOR_HISTORY,SQL251206163750940,OOG_TUTOR_HISTORYID,1
MAXIMO  ,OOG_WORKTYPE,SQL251206163751060,OOG_WORKTYPEID,1
MAXIMO  ,ORGANIZATION,SQL251206163751200,ORGANIZATIONID,1
MAXIMO  ,OSACCESSLOG,SQL251206163751320,OSACCESSLOGID,1
MAXIMO  ,OSEVENT,SQL251206163751460,OSEVENTID,1
MAXIMO  ,OSEVENTCONDITION,SQL251206163751710,OSEVENTCONDITIONID,1
MAXIMO  ,OSLCBUSRES,SQL251206163751930,OSLCBUSRESID,1
MAXIMO  ,OSLCCOMMONPROPS,SQL251206163752100,OSLCCOMMONPROPSID,1
MAXIMO  ,OSLCDOMAIN,SQL251206163752290,OSLCDOMAINID,1
MAXIMO  ,OSLCERRORMAP,SQL251206163752420,OSLCERRORMAPID,1
MAXIMO  ,OSLCEXTMEDIATYPE,SQL251206163752540,OSLCEXTMEDIATYPEID,1
MAXIMO  ,OSLCINTERACTION,SQL251206163752680,OSLCINTERACTIONID,1
MAXIMO  ,OSLCINTGROUP,SQL251206163752810,OSLCINTGROUPID,1
MAXIMO  ,OSLCINTGRPAPPMENU,SQL251206163752940,OSLCINTGRPAPPMENUID,1
MAXIMO  ,OSLCINTGRPAPPS,SQL251206163753070,OSLCINTGRPAPPSID,1
MAXIMO  ,OSLCINTGRPMEMBERS,SQL251206163753190,OSLCINTGRPMEMBERSID,1
MAXIMO  ,OSLCINTQUERY,SQL251206163753310,OSLCINTQUERYID,1
MAXIMO  ,OSLCINTQUERYPARAMS,SQL251206163753440,OSLCINTQUERYPARAMSID,1
MAXIMO  ,OSLCLINK,SQL251206163753580,OSLCLINKID,1
MAXIMO  ,OSLCNSPREFIX,SQL251206163753700,OSLCNSPREFIXID,1
MAXIMO  ,OSLCPREFILLMAP,SQL251206163753820,OSLCPREFILLMAPID,1
MAXIMO  ,OSLCPROVIDER,SQL251206163753950,OSLCPROVIDERID,1
MAXIMO  ,OSLCQUERY,SQL251206163754070,OSLCQUERYID,1
MAXIMO  ,OSLCRESOURCE,SQL251206163754280,OSLCRESOURCEID,1
MAXIMO  ,OSLCRESOURCEDETAIL,SQL251206163754400,OSLCRESOURCEDETAILID,1
MAXIMO  ,OSLCRESOURCETYPES,SQL251206163754590,OSLCRESOURCETYPESID,1
MAXIMO  ,OSLCSPDEFN,SQL251206163754720,OSLCSPDEFNID,1
MAXIMO  ,OSLCTRANSACTION,SQL251206163754840,OSLCTRANSACTIONID,1
MAXIMO  ,OSOSLCACTION,SQL251206163754960,OSOSLCACTIONID,1
MAXIMO  ,OSOSLCMAP,SQL251206163755080,OSOSLCMAPID,1
MAXIMO  ,OSRECORDTOUCHLOG,SQL251206163755210,OSRECORDTOUCHLOGID,1
MAXIMO  ,OSUSED,SQL251206163755330,OSUSEDID,1
MAXIMO  ,OSUSERNOTIFICATION,SQL251206163755450,OSUSERNOTIFICATIONID,1
MAXIMO  ,OSUSERSUBSCRIPTION,SQL251206163755580,OSUSERSUBSCRIPTIONID,1
MAXIMO  ,PALETTEITEM,SQL251206163755700,PALETTEITEMID,1
MAXIMO  ,PASSWORDHISTORY,SQL251206163755820,PASSWORDHISTORYID,1
MAXIMO  ,PDSPEC,SQL251206163755950,PDSPECID,1
MAXIMO  ,PERSCOMMODITY,SQL251206163756070,PERSCOMMODITYID,1
MAXIMO  ,PERSON,SQL251206163756210,PERSONUID,1
MAXIMO  ,PERSONANCESTOR,SQL251206163756340,PERSONANCESTORID,1
MAXIMO  ,PERSONCAL,SQL251206163756470,PERSONCALID,1
MAXIMO  ,PERSONDEFAULTAPP,SQL251206163756590,PERSONDEFAULTAPPID,1
MAXIMO  ,PERSONGROUP,SQL251206163756710,PERSONGROUPID,1
MAXIMO  ,PERSONGROUPTEAM,SQL251206163756840,PERSONGROUPTEAMID,1
MAXIMO  ,PERSONSTATUS,SQL251206163756960,PERSONSTATUSID,1
MAXIMO  ,PHONE,SQL251206163757090,PHONEID,1
MAXIMO  ,PLUSCASSETSTATUS,SQL251206163757200,PLUSCASSETSTATUSID,1
MAXIMO  ,PLUSCDSASSETLINK,SQL251206163757320,PLUSCDSASSETLINKID,1
MAXIMO  ,PLUSCDSCONFIG,SQL251206163757440,PLUSCDSCONFIGID,1
MAXIMO  ,PLUSCDSINSTR,SQL251206163757590,PLUSCDSINSTRID,1
MAXIMO  ,PLUSCDSPOINT,SQL251206163757710,PLUSCDSPOINTID,1
MAXIMO  ,PLUSCDSSTATUS,SQL251206163757830,PLUSCDSSTATUSID,1
MAXIMO  ,PLUSCJPDATASHEET,SQL251206163757950,PLUSCJPDATASHEETID,1
MAXIMO  ,PLUSCJPSTATUS,SQL251206163758060,PLUSCJPSTATUSID,1
MAXIMO  ,PLUSCPMEXTDATE,SQL251206163758190,PLUSCPMEXTDATEID,1
MAXIMO  ,PLUSCSPOTCHECK,SQL251206163758320,PLUSCSPOTCHECKID,1
MAXIMO  ,PLUSCTEMPLATE,SQL251206163758460,PLUSCTEMPLATEID,1
MAXIMO  ,PLUSCTPASSET,SQL251206163758700,PLUSCTPASSETID,1
MAXIMO  ,PLUSCTPDATASHEET,SQL251206163758820,PLUSCTPDATASHEETID,1
MAXIMO  ,PLUSCTPHISTORY,SQL251206163758950,PLUSCTPHISTORYID,1
MAXIMO  ,PLUSCTPMASTERPM,SQL251206163759080,PLUSCTPMASTERPMID,1
MAXIMO  ,PLUSCTPMETER,SQL251206163759240,PLUSCTPMETERID,1
MAXIMO  ,PLUSCTPSPAREPART,SQL251206163759370,PLUSCTPSPAREPARTID,1
MAXIMO  ,PLUSCTPSPEC,SQL251206163759490,PLUSCTPSPECID,1
MAXIMO  ,PLUSCWODS,SQL251206163759640,PLUSCWODSID,1
MAXIMO  ,PLUSCWODSINSTR,SQL251206163759790,PLUSCWODSINSTRID,1
MAXIMO  ,PLUSCWODSPOINT,SQL251206163759960,PLUSCWODSPOINTID,1
MAXIMO  ,PLUSDSPLAN,SQL251206163800090,PLUSDSPLANID,1
MAXIMO  ,PLUSGACSPERPROC,SQL251206163800230,PLUSGACSPERPROCID,1
MAXIMO  ,PLUSGACSPERSON,SQL251206163800360,PLUSGACSPERSONID,1
MAXIMO  ,PLUSGACSPERTRAIN,SQL251206163800480,PLUSGACSPERTRAINID,1
MAXIMO  ,PLUSGACTBENEFIT,SQL251206163800590,PLUSGACTBENEFITID,1
MAXIMO  ,PLUSGACTSTDACT,SQL251206163800720,PLUSGACTSTDACTID,1
MAXIMO  ,PLUSGASSCALCULATE,SQL251206163800860,PLUSGASSCALCULATEID,1
MAXIMO  ,PLUSGASSETAUDIT,SQL251206163800980,PLUSGASSETAUDITID,1
MAXIMO  ,PLUSGASSETCERT,SQL251206163801100,PLUSGASSETCERTID,1
MAXIMO  ,PLUSGASSETREG,SQL251206163801230,PLUSGASSETREGID,1
MAXIMO  ,PLUSGASSFAILUREMODE,SQL251206163801360,PLUSGASSFAILUREMODEID,1
MAXIMO  ,PLUSGASSREVACT,SQL251206163801490,PLUSGASSREVACTID,1
MAXIMO  ,PLUSGASSREVITEM,SQL251206163801620,PLUSGASSREVITEMID,1
MAXIMO  ,PLUSGAUDFIND,SQL251206163801750,PLUSGAUDFINDID,1
MAXIMO  ,PLUSGAUDIT,SQL251206163801890,PLUSGAUDITID,1
MAXIMO  ,PLUSGAUDITSTATUS,SQL251206163802010,PLUSGAUDITSTATUSID,1
MAXIMO  ,PLUSGAUDLINE,SQL251206163802140,PLUSGAUDLINEID,1
MAXIMO  ,PLUSGAUDTEAM,SQL251206163802260,PLUSGAUDTEAMID,1
MAXIMO  ,PLUSGBENEFIT,SQL251206163802410,PLUSGBENEFITID,1
MAXIMO  ,PLUSGBYPAPPR,SQL251206163802530,PLUSGBYPAPPRID,1
MAXIMO  ,PLUSGBYPREV,SQL251206163802670,PLUSGBYPREVID,1
MAXIMO  ,PLUSGBYPREVACT,SQL251206163802810,PLUSGBYPREVACTID,1
MAXIMO  ,PLUSGBYPREVITEM,SQL251206163802940,PLUSGBYPREVITEMID,1
MAXIMO  ,PLUSGBYPSTDACT,SQL251206163803060,PLUSGBYPSTDACTID,1
MAXIMO  ,PLUSGCERT,SQL251206163803200,PLUSGCERTID,1
MAXIMO  ,PLUSGCERTAPPR,SQL251206163803320,PLUSGCERTAPPRID,1
MAXIMO  ,PLUSGCERTCONSENT,SQL251206163803440,PLUSGCERTCONSENTID,1
MAXIMO  ,PLUSGCERTEXTEND,SQL251206163803570,PLUSGCERTEXTENDID,1
MAXIMO  ,PLUSGCERTLOCS,SQL251206163803700,PLUSGCERTLOCSID,1
MAXIMO  ,PLUSGCERTREAD,SQL251206163803840,PLUSGCERTREADID,1
MAXIMO  ,PLUSGCERTREV,SQL251206163803960,PLUSGCERTREVID,1
MAXIMO  ,PLUSGCERTREVACT,SQL251206163804090,PLUSGCERTREVACTID,1
MAXIMO  ,PLUSGCERTREVITEM,SQL251206163804210,PLUSGCERTREVITEMID,1
MAXIMO  ,PLUSGCERTSTATUS,SQL251206163804330,PLUSGCERTSTATUSID,1
MAXIMO  ,PLUSGCERTSTDACT,SQL251206163804450,PLUSGCERTSTDACTID,1
MAXIMO  ,PLUSGCFW,SQL251206163804580,PLUSGCFWID,1
MAXIMO  ,PLUSGCONSQ,SQL251206163804700,PLUSGCONSQID,1
MAXIMO  ,PLUSGCONSQSTATUS,SQL251206163804810,PLUSGCONSQSTATUSID,1
MAXIMO  ,PLUSGCPREVIEW,SQL251206163804950,PLUSGCPREVIEWID,1
MAXIMO  ,PLUSGCRAFTCOURSE,SQL251206163805060,PLUSGCRAFTCOURSEID,1
MAXIMO  ,PLUSGHAZRISK,SQL251206163805180,PLUSGHAZRISKID,1
MAXIMO  ,PLUSGHAZRISKPREC,SQL251206163805300,PLUSGHAZRISKPRECID,1
MAXIMO  ,PLUSGHFRESULTS,SQL251206163805430,PLUSGHFRESULTSID,1
MAXIMO  ,PLUSGHUMANFACTORS,SQL251206163805550,PLUSGHUMANFACTORSID,1
MAXIMO  ,PLUSGINCEVENT,SQL251206163805680,PLUSGINCEVENTID,1
MAXIMO  ,PLUSGINCEVENTSPEC,SQL251206163805820,PLUSGINCEVENTSPECID,1
MAXIMO  ,PLUSGINCEVTSTATUS,SQL251206163805940,PLUSGINCEVTSTATUSID,1
MAXIMO  ,PLUSGINCPERSON,SQL251206163806090,PLUSGINCPERSONID,1
MAXIMO  ,PLUSGINJORILL,SQL251206163806220,PLUSGINJORILLID,1
MAXIMO  ,PLUSGINVCAUSEAN,SQL251206163806350,PLUSGINVCAUSEANID,1
MAXIMO  ,PLUSGINVFMECA,SQL251206163806480,PLUSGINVFMECAID,1
MAXIMO  ,PLUSGINVREVACT,SQL251206163806610,PLUSGINVREVACTID,1
MAXIMO  ,PLUSGINVREVITEM,SQL251206163806730,PLUSGINVREVITEMID,1
MAXIMO  ,PLUSGITEMCERT,SQL251206163806860,PLUSGITEMCERTID,1
MAXIMO  ,PLUSGITEMREG,SQL251206163806970,PLUSGITEMREGID,1
MAXIMO  ,PLUSGJOBPLANREG,SQL251206163807100,PLUSGJOBPLANREGID,1
MAXIMO  ,PLUSGJPPERTYPE,SQL251206163807220,PLUSGJPPERTYPEID,1
MAXIMO  ,PLUSGJPREVACT,SQL251206163807350,PLUSGJPREVACTID,1
MAXIMO  ,PLUSGJPSTDACT,SQL251206163807470,PLUSGJPSTDACTID,1
MAXIMO  ,PLUSGJPSUPRISKASSESS,SQL251206163807580,PLUSGJPSUPRISKASSESSID,1
MAXIMO  ,PLUSGJPTESTRES,SQL251206163807710,PLUSGJPTESTRESID,1
MAXIMO  ,PLUSGLISTIMPBEN,SQL251206163807830,PLUSGLISTIMPBENID,1
MAXIMO  ,PLUSGLISTTEAM,SQL251206163807950,PLUSGLISTTEAMID,1
MAXIMO  ,PLUSGLOCAUDIT,SQL251206163808070,PLUSGLOCAUDITID,1
MAXIMO  ,PLUSGLOCCALCULATE,SQL251206163808190,PLUSGLOCCALCULATEID,1
MAXIMO  ,PLUSGLOCCERT,SQL251206163808340,PLUSGLOCCERTID,1
MAXIMO  ,PLUSGLOCFAILUREMODE,SQL251206163808480,PLUSGLOCFAILUREMODEID,1
MAXIMO  ,PLUSGLOCKBOXSTATUS,SQL251206163808600,PLUSGLOCKBOXSTATUSID,1
MAXIMO  ,PLUSGLOCKDETAIL,SQL251206163808720,PLUSGLOCKDETAILID,1
MAXIMO  ,PLUSGLOCKDETAILINUSE,SQL251206163808840,PLUSGLOCKDETAILINUSEID,1
MAXIMO  ,PLUSGLOCLOCKSTATE,SQL251206163808970,PLUSGLOCLOCKSTATEID,1
MAXIMO  ,PLUSGLOCPROF,SQL251206163809100,PLUSGLOCPROFID,1
MAXIMO  ,PLUSGLOCPROFSTATUS,SQL251206163809210,PLUSGLOCPROFSTATUSID,1
MAXIMO  ,PLUSGLOCREG,SQL251206163809400,PLUSGLOCREGID,1
MAXIMO  ,PLUSGLOCREVACT,SQL251206163809520,PLUSGLOCREVACTID,1
MAXIMO  ,PLUSGLOCREVITEM,SQL251206163809650,PLUSGLOCREVITEMID,1
MAXIMO  ,PLUSGLOGBOOK,SQL251206163809770,PLUSGLOGBOOKID,1
MAXIMO  ,PLUSGLOGBOOKSTATUS,SQL251206163809890,PLUSGLOGBOOKSTATUSID,1
MAXIMO  ,PLUSGLPROFPOB,SQL251206163810010,PLUSGLPROFPOBID,1
MAXIMO  ,PLUSGLPROFPROD,SQL251206163810150,PLUSGLPROFPRODID,1
MAXIMO  ,PLUSGLPROFWPRD,SQL251206163810280,PLUSGLPROFWPRDID,1
MAXIMO  ,PLUSGLSTATTENDEE,SQL251206163810400,PLUSGLSTATTENDEEID,1
MAXIMO  ,PLUSGMASTERLOCKBOX,SQL251206163810520,PLUSGMASTERLOCKBOXID,1
MAXIMO  ,PLUSGMATRIXLIST,SQL251206163810640,PLUSGMATRIXLISTID,1
MAXIMO  ,PLUSGMITEMPARTCODE,SQL251206163810750,PLUSGMITEMPARTCODEID,1
MAXIMO  ,PLUSGMOCAPPRLIST,SQL251206163810870,PLUSGMOCAPPRLISTID,1
MAXIMO  ,PLUSGMOCAUTHLIST,SQL251206163810990,PLUSGMOCAUTHLISTID,1
MAXIMO  ,PLUSGMOCCLOSURELIST,SQL251206163811110,PLUSGMOCCLOSURELISTID,1
MAXIMO  ,PLUSGMOCCOSPER,SQL251206163811240,PLUSGMOCCOSPERID,1
MAXIMO  ,PLUSGMOCCOURSE,SQL251206163811350,PLUSGMOCCOURSEID,1
MAXIMO  ,PLUSGMOCPOSTLIST,SQL251206163811470,PLUSGMOCPOSTLISTID,1
MAXIMO  ,PLUSGMOCPRELIST,SQL251206163811590,PLUSGMOCPRELISTID,1
MAXIMO  ,PLUSGMOCREVACT,SQL251206163811720,PLUSGMOCREVACTID,1
MAXIMO  ,PLUSGMOCREVITEM,SQL251206163811840,PLUSGMOCREVITEMID,1
MAXIMO  ,PLUSGMOCRVLST,SQL251206163811960,PLUSGMOCRVLSTID,1
MAXIMO  ,PLUSGOPACTREVITEM,SQL251206163812080,PLUSGOPACTREVITEMID,1
MAXIMO  ,PLUSGOPERACTION,SQL251206163812220,PLUSGOPERACTIONID,1
MAXIMO  ,PLUSGOPERROUND,SQL251206163812350,PLUSGOPERROUNDID,1
MAXIMO  ,PLUSGOUTCOME,SQL251206163812490,PLUSGOUTCOMEID,1
MAXIMO  ,PLUSGOWNERHISTORY,SQL251206163812610,PLUSGOWNERHISTORYID,1
MAXIMO  ,PLUSGPERCOURSESTATUS,SQL251206163812730,PLUSGPERCOURSESTATUSID,1
MAXIMO  ,PLUSGPERMITWORK,SQL251206163812890,PLUSGPERMITWORKID,1
MAXIMO  ,PLUSGPERSONAREAS,SQL251206163813010,PLUSGPERSONAREASID,1
MAXIMO  ,PLUSGPERSONCERT,SQL251206163813240,PLUSGPERSONCERTID,1
MAXIMO  ,PLUSGPERSONCOURSE,SQL251206163813360,PLUSGPERSONCOURSEID,1
MAXIMO  ,PLUSGPERTYPE,SQL251206163813470,PLUSGPERTYPEID,1
MAXIMO  ,PLUSGPERTYPECOURSE,SQL251206163813590,PLUSGPERTYPECOURSEID,1
MAXIMO  ,PLUSGPERTYPESTAT,SQL251206163813710,PLUSGPERTYPESTATID,1
MAXIMO  ,PLUSGPERWORKACC,SQL251206163813840,PLUSGPERWORKACCID,1
MAXIMO  ,PLUSGPERWORKAPPR,SQL251206163813970,PLUSGPERWORKAPPRID,1
MAXIMO  ,PLUSGPERWORKCFW,SQL251206163814080,PLUSGPERWORKCFWID,1
MAXIMO  ,PLUSGPERWORKCTRSIGN,SQL251206163814210,PLUSGPERWORKCTRSIGNID,1
MAXIMO  ,PLUSGPERWORKEMGACT,SQL251206163814330,PLUSGPERWORKEMGACTID,1
MAXIMO  ,PLUSGPERWORKEXT,SQL251206163814460,PLUSGPERWORKEXTID,1
MAXIMO  ,PLUSGPERWORKGASTEST,SQL251206163814590,PLUSGPERWORKGASTESTID,1
MAXIMO  ,PLUSGPERWORKHAZMAT,SQL251206163814720,PLUSGPERWORKHAZMATID,1
MAXIMO  ,PLUSGPERWORKHAZREV,SQL251206163814840,PLUSGPERWORKHAZREVID,1
MAXIMO  ,PLUSGPERWORKISS,SQL251206163814980,PLUSGPERWORKISSID,1
MAXIMO  ,PLUSGPERWORKLOCS,SQL251206163815100,PLUSGPERWORKLOCSID,1
MAXIMO  ,PLUSGPERWORKMULTISITECHK,SQL251206163815220,PLUSGPERWORKMULTISITECHKID,1
MAXIMO  ,PLUSGPERWORKPROC,SQL251206163815330,PLUSGPERWORKPROCID,1
MAXIMO  ,PLUSGPERWORKREV,SQL251206163815450,PLUSGPERWORKREVID,1
MAXIMO  ,PLUSGPERWORKREVACT,SQL251206163815580,PLUSGPERWORKREVACTID,1
MAXIMO  ,PLUSGPERWORKREVITEM,SQL251206163815700,PLUSGPERWORKREVITEMID,1
MAXIMO  ,PLUSGPERWORKRSKREV,SQL251206163815840,PLUSGPERWORKRSKREVID,1
MAXIMO  ,PLUSGPERWORKSTATUS,SQL251206163815960,PLUSGPERWORKSTATUSID,1
MAXIMO  ,PLUSGPERWORKSTDACT,SQL251206163816080,PLUSGPERWORKSTDACTID,1
MAXIMO  ,PLUSGPERWORKWRKPT,SQL251206163816210,PLUSGPERWORKWRKPTID,1
MAXIMO  ,PLUSGPMREG,SQL251206163816340,PLUSGPMREGID,1
MAXIMO  ,PLUSGPOITEMCERT,SQL251206163816450,PLUSGPOITEMCERTID,1
MAXIMO  ,PLUSGPOLICY,SQL251206163816580,PLUSGPOLICYID,1
MAXIMO  ,PLUSGPOLICYESTBY,SQL251206163816700,PLUSGPOLICYESTBYID,1
MAXIMO  ,PLUSGPOLICYHIST,SQL251206163816820,PLUSGPOLICYHISTID,1
MAXIMO  ,PLUSGPOLICYSPEC,SQL251206163816940,PLUSGPOLICYSPECID,1
MAXIMO  ,PLUSGPOLICYSTATUS,SQL251206163817060,PLUSGPOLICYSTATUSID,1
MAXIMO  ,PLUSGPRITEMCERT,SQL251206163817180,PLUSGPRITEMCERTID,1
MAXIMO  ,PLUSGPROCEDURE,SQL251206163817300,PLUSGPROCEDUREID,1
MAXIMO  ,PLUSGPROCLINE,SQL251206163817420,PLUSGPROCLINEID,1
MAXIMO  ,PLUSGPROCSTATUS,SQL251206163817540,PLUSGPROCSTATUSID,1
MAXIMO  ,PLUSGPTWLCKTG,SQL251206163817660,PLUSGPTWLCKTGID,1
MAXIMO  ,PLUSGPTWLCKTGOP,SQL251206163817790,PLUSGPTWLCKTGOPID,1
MAXIMO  ,PLUSGRCFARESULTS,SQL251206163817900,PLUSGRCFARESULTSID,1
MAXIMO  ,PLUSGREGSPEC,SQL251206163818030,PLUSGREGSPECID,1
MAXIMO  ,PLUSGREGSTAT,SQL251206163818140,PLUSGREGSTATID,1
MAXIMO  ,PLUSGREGULATION,SQL251206163818260,PLUSGREGULATIONID,1
MAXIMO  ,PLUSGRELATEDREC,SQL251206163818380,PLUSGRELATEDRECID,1
MAXIMO  ,PLUSGRFW,SQL251206163818500,PLUSGRFWID,1
MAXIMO  ,PLUSGRISKAPPR,SQL251206163818620,PLUSGRISKAPPRID,1
MAXIMO  ,PLUSGRISKASSESS,SQL251206163818750,PLUSGRISKASSESSID,1
MAXIMO  ,PLUSGRISKLIST,SQL251206163818870,PLUSGRISKLISTID,1
MAXIMO  ,PLUSGRISKREV,SQL251206163818990,PLUSGRISKREVID,1
MAXIMO  ,PLUSGRISKREVACT,SQL251206163819110,PLUSGRISKREVACTID,1
MAXIMO  ,PLUSGRISKREVITEM,SQL251206163819240,PLUSGRISKREVITEMID,1
MAXIMO  ,PLUSGRISKSPEC,SQL251206163819370,PLUSGRISKSPECID,1
MAXIMO  ,PLUSGRISKSTATUS,SQL251206163819490,PLUSGRISKSTATUSID,1
MAXIMO  ,PLUSGRISKSTDACT,SQL251206163819610,PLUSGRISKSTDACTID,1
MAXIMO  ,PLUSGRISKTEAM,SQL251206163819740,PLUSGRISKTEAMID,1
MAXIMO  ,PLUSGSANTESTHIST,SQL251206163819860,PLUSGSANTESTHISTID,1
MAXIMO  ,PLUSGSEQOFEVENTS,SQL251206163819980,PLUSGSEQOFEVENTSID,1
MAXIMO  ,PLUSGSHFTLGHDOVREV,SQL251206163820100,PLUSGSHFTLGHDOVREVID,1
MAXIMO  ,PLUSGSHFTLOGENTRY,SQL251206163820230,PLUSGSHFTLOGENTRYID,1
MAXIMO  ,PLUSGSHIFTIMPACT,SQL251206163820350,PLUSGSHIFTIMPACTID,1
MAXIMO  ,PLUSGSHIFTLOG,SQL251206163820480,PLUSGSHIFTLOGID,1
MAXIMO  ,PLUSGSHIFTTEAM,SQL251206163820590,PLUSGSHIFTTEAMID,1
MAXIMO  ,PLUSGSHLGENTRYREV,SQL251206163820720,PLUSGSHLGENTRYREVID,1
MAXIMO  ,PLUSGSHLOGSPEC,SQL251206163820850,PLUSGSHLOGSPECID,1
MAXIMO  ,PLUSGSHLOGSTATUS,SQL251206163820960,PLUSGSHLOGSTATUSID,1
MAXIMO  ,PLUSGSHLOGTEMPLATE,SQL251206163821080,PLUSGSHLOGTEMPLATEID,1
MAXIMO  ,PLUSGSHTEAMTEMPLATE,SQL251206163821190,PLUSGSHTEAMTEMPLATEID,1
MAXIMO  ,PLUSGSOLNBENLIST,SQL251206163821310,PLUSGSOLNBENLISTID,1
MAXIMO  ,PLUSGSOLUTIONLST,SQL251206163821420,PLUSGSOLUTIONLSTID,1
MAXIMO  ,PLUSGSPEC,SQL251206163821550,PLUSGSPECID,1
MAXIMO  ,PLUSGSTACGRPSTATUS,SQL251206163821670,PLUSGSTACGRPSTATUSID,1
MAXIMO  ,PLUSGSTDACT,SQL251206163821790,PLUSGSTDACTID,1
MAXIMO  ,PLUSGSTDACTGRP,SQL251206163821920,PLUSGSTDACTGRPID,1
MAXIMO  ,PLUSGSTDACTGRPLIST,SQL251206163822050,PLUSGSTDACTGRPLISTID,1
MAXIMO  ,PLUSGSTDACTINGRP,SQL251206163822170,PLUSGSTDACTINGRPID,1
MAXIMO  ,PLUSGSTDACTREVIT,SQL251206163822290,PLUSGSTDACTREVITID,1
MAXIMO  ,PLUSGSTDACTSTATUS,SQL251206163822410,PLUSGSTDACTSTATUSID,1
MAXIMO  ,PLUSGSTRUCRCARESULT,SQL251206163822530,PLUSGSTRUCRCARESULTID,1
MAXIMO  ,PLUSGSTRUCRCAVALUE,SQL251206163822640,PLUSGSTRUCRCAVALUEID,1
MAXIMO  ,PLUSGSTRUCTUREDRCA,SQL251206163822760,PLUSGSTRUCTUREDRCAID,1
MAXIMO  ,PLUSGTRAINING,SQL251206163822890,PLUSGTRAININGID,1
MAXIMO  ,PLUSGTRAININGSTATUS,SQL251206163823010,PLUSGTRAININGSTATUSID,1
MAXIMO  ,PLUSGTRAINMODULE,SQL251206163823130,PLUSGTRAINMODULEID,1
MAXIMO  ,PLUSGTRAINMODULEPRE,SQL251206163823250,PLUSGTRAINMODULEPREID,1
MAXIMO  ,PLUSGTRAINSESSION,SQL251206163823370,PLUSGTRAINSESSIONID,1
MAXIMO  ,PLUSGTRAINSESSSTATUS,SQL251206163823480,PLUSGTRAINSESSSTATUSID,1
MAXIMO  ,PLUSGTRAINTRAINEE,SQL251206163823600,PLUSGTRAINTRAINEEID,1
MAXIMO  ,PLUSGWOASSET,SQL251206163823710,PLUSGWOASSETID,1
MAXIMO  ,PLUSGWOPERTYPE,SQL251206163823830,PLUSGWOPERTYPEID,1
MAXIMO  ,PLUSGWOPERTYPEPTW,SQL251206163823970,PLUSGWOPERTYPEPTWID,1
MAXIMO  ,PLUSGWOREG,SQL251206163824090,PLUSGWOREGID,1
MAXIMO  ,PLUSGWOREVACT,SQL251206163824220,PLUSGWOREVACTID,1
MAXIMO  ,PLUSGWOREVITEM,SQL251206163824330,PLUSGWOREVITEMID,1
MAXIMO  ,PLUSGWOSTDACT,SQL251206163824460,PLUSGWOSTDACTID,1
MAXIMO  ,PLUSGWOSUPRISKASSESS,SQL251206163824580,PLUSGWOSUPRISKASSESSID,1
MAXIMO  ,PLUSGWOTESTRES,SQL251206163824700,PLUSGWOTESTRESID,1
MAXIMO  ,PLUSGWPMATCERT,SQL251206163824820,PLUSGWPMATCERTID,1
MAXIMO  ,PLUSG_AS_AUX1,SQL251206163824940,PLUSG_AS_AUX1ID,1
MAXIMO  ,PLUSG_AS_AUX2,SQL251206163825060,PLUSG_AS_AUX2ID,1
MAXIMO  ,PLUSG_AS_AUX3,SQL251206163825180,PLUSG_AS_AUX3ID,1
MAXIMO  ,PLUSG_AS_AUX4,SQL251206163825310,PLUSG_AS_AUX4ID,1
MAXIMO  ,PLUSG_AS_AUX5,SQL251206163825430,PLUSG_AS_AUX5ID,1
MAXIMO  ,PLUSG_AS_AUX6,SQL251206163825550,PLUSG_AS_AUX6ID,1
MAXIMO  ,PLUSG_FC_AUX1,SQL251206163825670,PLUSG_FC_AUX1ID,1
MAXIMO  ,PM,SQL251206163825810,PMUID,1
MAXIMO  ,PMANCESTOR,SQL251206163825940,PMANCESTORID,1
MAXIMO  ,PMFORECAST,SQL251206163826060,PMFORECASTID,1
MAXIMO  ,PMFORECASTJP,SQL251206163826180,PMFORECASTJPID,1
MAXIMO  ,PMFORECASTLABOR,SQL251206163826300,PMFORECASTLABORID,1
MAXIMO  ,PMFORECASTMATERIAL,SQL251206163826410,PMFORECASTMATERIALID,1
MAXIMO  ,PMFORECASTSERVICE,SQL251206163826520,PMFORECASTSERVICEID,1
MAXIMO  ,PMFORECASTTOOL,SQL251206163826640,PMFORECASTTOOLID,1
MAXIMO  ,PMMETER,SQL251206163826760,PMMETERID,1
MAXIMO  ,PMSEASONS,SQL251206163826880,PMSEASONSID,1
MAXIMO  ,PMSEQUENCE,SQL251206163827010,PMSEQUENCEID,1
MAXIMO  ,PO,SQL251206163827160,POID,1
MAXIMO  ,POCOST,SQL251206163827280,POCOSTID,1
MAXIMO  ,POECOMSTATUS,SQL251206163827390,POECOMSTATUSID,1
MAXIMO  ,POINTWO,SQL251206163827510,POINTWOID,1
MAXIMO  ,POLINE,SQL251206163827670,POLINEID,1
MAXIMO  ,PORTLET,SQL251206163827790,PORTLETUID,1
MAXIMO  ,PORTLETDISPLAY,SQL251206163827900,PORTLETDISPLAYID,1
MAXIMO  ,POSTATUS,SQL251206163828020,POSTATUSID,1
MAXIMO  ,POTERM,SQL251206163828140,POTERMID,1
MAXIMO  ,PPCRAFTRATE,SQL251206163828260,PPCRAFTRATEID,1
MAXIMO  ,PPLABORRATE,SQL251206163828380,PPLABORRATEID,1
MAXIMO  ,PR,SQL251206163828520,PRID,1
MAXIMO  ,PRCOST,SQL251206163828630,PRCOSTID,1
MAXIMO  ,PRECAUTION,SQL251206163828770,PRECAUTIONUID,1
MAXIMO  ,PREMIUMPAY,SQL251206163828900,PREMIUMPAYID,1
MAXIMO  ,PRICALC,SQL251206163829020,PRICALCID,1
MAXIMO  ,PRLINE,SQL251206163829180,PRLINEID,1
MAXIMO  ,PROCOBJ,SQL251206163829310,PROCOBJID,1
MAXIMO  ,PROCRULE,SQL251206163829430,PROCRULEID,1
MAXIMO  ,PRODUCTUPDATE,SQL251206163829540,PRODUCTUPDATEID,1
MAXIMO  ,PROPERTYASSOC,SQL251206163829770,PROPERTYASSOCID,1
MAXIMO  ,PROPERTYDEFAULT,SQL251206163829890,PROPERTYDEFAULTID,1
MAXIMO  ,PRSTATUS,SQL251206163830000,PRSTATUSID,1
MAXIMO  ,PRTERM,SQL251206163830130,PRTERMID,1
MAXIMO  ,QUALCRAFTSKILL,SQL251206163830250,QUALCRAFTSKILLID,1
MAXIMO  ,QUALIFICATION,SQL251206163830370,QUALIFICATIONUID,1
MAXIMO  ,QUALSTATUS,SQL251206163830490,QUALSTATUSID,1
MAXIMO  ,QUERY,SQL251206163830680,QUERYID,1
MAXIMO  ,QUERYRECORDSTATE,SQL251206163830800,QUERYRECORDSTATEID,1
MAXIMO  ,QUERYTEMPLATE,SQL251206163830920,QUERYTEMPLATEID,1
MAXIMO  ,QUERYTEMPLATEATTR,SQL251206163831060,QUERYTEMPLATEATTRID,1
MAXIMO  ,QUOTATIONLINE,SQL251206163831180,QUOTATIONLINEID,1
MAXIMO  ,RECONCOMPFILTER,SQL251206163831310,RECONCOMPFILTERID,1
MAXIMO  ,RECONLINK,SQL251206163831430,RECONLINKID,1
MAXIMO  ,RECONMULTILINK,SQL251206163831550,RECONMULTILINKID,1
MAXIMO  ,RECONRESULT,SQL251206163831680,RECONRESULTID,1
MAXIMO  ,RECONRULE,SQL251206163831800,RECONRULEID,1
MAXIMO  ,RECONRULECLAUSE,SQL251206163831940,RECONRULECLAUSEID,1
MAXIMO  ,RECONTASK,SQL251206163832060,RECONTASKID,1
MAXIMO  ,RECONTASKCOMP,SQL251206163832180,RECONTASKCOMPID,1
MAXIMO  ,RECONTASKFILTER,SQL251206163832300,RECONTASKFILTERID,1
MAXIMO  ,RECONTASKFLTRVAL,SQL251206163832420,RECONTASKFLTRVALID,1
MAXIMO  ,RECONTASKLINK,SQL251206163832540,RECONTASKLINKID,1
MAXIMO  ,RECORDTIMEZONE,SQL251206163832670,RECORDTIMEZONEID,1
MAXIMO  ,RELATEDAPPAUTH,SQL251206163832790,RELATEDAPPAUTHID,1
MAXIMO  ,RELATEDRECORD,SQL251206163832920,RELATEDRECORDID,1
MAXIMO  ,RELATEDSLA,SQL251206163833050,RELATEDSLAID,1
MAXIMO  ,RELATEDWORKCENTER,SQL251206163833170,RELATEDWORKCENTERID,1
MAXIMO  ,RELATION,SQL251206163833290,RELATIONID,1
MAXIMO  ,RELATIONRULES,SQL251206163833410,RELATIONRULESID,1
MAXIMO  ,RELATIONRULESEXT,SQL251206163833540,RELATIONRULESEXTID,1
MAXIMO  ,REPFACAUTH,SQL251206163833830,REPFACAUTHID,1
MAXIMO  ,REPORT,SQL251206163833960,REPORTID,1
MAXIMO  ,REPORTADHOC,SQL251206163834100,REPORTADHOCID,1
MAXIMO  ,REPORTADHOCCALC,SQL251206163834230,REPORTADHOCCALCID,1
MAXIMO  ,REPORTADHOCFIELD,SQL251206163834350,REPORTADHOCFIELDID,1
MAXIMO  ,REPORTADHOCSUM,SQL251206163834480,REPORTADHOCSUMID,1
MAXIMO  ,REPORTAPPAUTH,SQL251206163834600,REPORTAPPAUTHID,1
MAXIMO  ,REPORTATTACHDOCS,SQL251206163834730,REPORTATTACHDOCSID,1
MAXIMO  ,REPORTATTACHUNCPATH,SQL251206163834850,REPORTATTACHUNCPATHID,1
MAXIMO  ,REPORTAUTH,SQL251206163834980,REPORTAUTHID,1
MAXIMO  ,REPORTBROS,SQL251206163835170,REPORTBROSID,1
MAXIMO  ,REPORTBROSDPURL,SQL251206163835300,REPORTBROSDPURLID,1
MAXIMO  ,REPORTBROSPARAM,SQL251206163835410,REPORTBROSPARAMID,1
MAXIMO  ,REPORTDELIVERY,SQL251206163835530,REPORTDELIVERYID,1
MAXIMO  ,REPORTDEPEND,SQL251206163835670,REPORTDEPENDID,1
MAXIMO  ,REPORTDESIGN,SQL251206163835860,REPORTDESIGNID,1
MAXIMO  ,REPORTDISPFMT,SQL251206163835980,REPORTDISPFMTID,1
MAXIMO  ,REPORTDS,SQL251206163836100,REPORTDSID,1
MAXIMO  ,REPORTDSPARAM,SQL251206163836230,REPORTDSPARAMID,1
MAXIMO  ,REPORTEMAILFILE,SQL251206163836350,REPORTEMAILFILEID,1
MAXIMO  ,REPORTEXPVALUE,SQL251206163836460,REPORTEXPVALUEID,1
MAXIMO  ,REPORTFILEEXPORT,SQL251206163836590,REPORTFILEEXPORTID,1
MAXIMO  ,REPORTHYPERLINKQUERYURL,SQL251206163836790,REPORTHYPERLINKQUERYURLID,1
MAXIMO  ,REPORTJOB,SQL251206163836910,REPORTJOBID,1
MAXIMO  ,REPORTLABEL,SQL251206163837040,REPORTLABELID,1
MAXIMO  ,REPORTLISTCFG,SQL251206163837160,REPORTLISTCFGID,1
MAXIMO  ,REPORTLOOKUP,SQL251206163837290,REPORTLOOKUPID,1
MAXIMO  ,REPORTOSAUTH,SQL251206163837400,REPORTOSAUTHID,1
MAXIMO  ,REPORTOUTPUT,SQL251206163837520,REPORTOUTPUTID,1
MAXIMO  ,REPORTOUTPUTAUTH,SQL251206163837640,REPORTOUTPUTAUTHID,1
MAXIMO  ,REPORTOUTPUTCNT,SQL251206163837830,REPORTOUTPUTCNTID,1
MAXIMO  ,REPORTPARAM,SQL251206163837960,REPORTPARAMID,1
MAXIMO  ,REPORTPROCRESERVE,SQL251206163838080,REPORTPROCRESERVEID,1
MAXIMO  ,REPORTPROCSCHED,SQL251206163838200,REPORTPROCSCHEDID,1
MAXIMO  ,REPORTRUNLOCK,SQL251206163838320,REPORTRUNLOCKID,1
MAXIMO  ,REPORTRUNPARAM,SQL251206163838430,REPORTRUNPARAMID,1
MAXIMO  ,REPORTRUNQUEUE,SQL251206163838560,REPORTRUNQUEUEID,1
MAXIMO  ,REPORTSCHED,SQL251206163838670,REPORTSCHEDID,1
MAXIMO  ,REPORTSECATTKEY,SQL251206163838860,REPORTSECATTKEYID,1
MAXIMO  ,REPORTUSAGELOG,SQL251206163838980,REPORTUSAGELOGID,1
MAXIMO  ,REPORTWHERE,SQL251206163839180,REPORTWHEREID,1
MAXIMO  ,REQUESTLOG,SQL251206163839370,REQUESTLOGID,1
MAXIMO  ,RESOURCEBYLEVEL,SQL251206163839500,RESOURCEBYLEVELID,1
MAXIMO  ,RESOURCELEVELS,SQL251206163839620,RESOURCELEVELSID,1
MAXIMO  ,RESTSYSACTION,SQL251206163839750,RESTSYSACTIONID,1
MAXIMO  ,RESULTSETCOLS,SQL251206163839880,RESULTSETCOLSID,1
MAXIMO  ,RFQ,SQL251206163840030,RFQID,1
MAXIMO  ,RFQLINE,SQL251206163840170,RFQLINEID,1
MAXIMO  ,RFQSTATUS,SQL251206163840280,RFQSTATUSSEQ,1
MAXIMO  ,RFQTERM,SQL251206163840410,RFQTERMID,1
MAXIMO  ,RFQVENDOR,SQL251206163840540,RFQVENDORID,1
MAXIMO  ,RFQVENDORTERM,SQL251206163840660,RFQVENDORTERMID,1
MAXIMO  ,ROUTES,SQL251206163840780,ROUTESID,1
MAXIMO  ,ROUTE_STOP,SQL251206163840910,ROUTE_STOPID,1
MAXIMO  ,RSCONFIG,SQL251206163841030,RSCONFIGID,1
MAXIMO  ,SAFETYLEXICON,SQL251206163841150,SAFETYLEXICONID,1
MAXIMO  ,SAFETYPLAN,SQL251206163841270,SAFETYPLANUID,1
MAXIMO  ,SAGEOHASH,SQL251206163841400,SAGEOHASHID,1
MAXIMO  ,SCCONFIG,SQL251206163841510,SCCONFIGID,1
MAXIMO  ,SCHEDULE,SQL251206163841650,SCHEDULEID,1
MAXIMO  ,SCHEDULELINE,SQL251206163841780,SCHEDULELINEID,1
MAXIMO  ,SCHTOOLTIP,SQL251206163841980,SCHTOOLTIPID,1
MAXIMO  ,SCRIPTLAUNCHPOINT,SQL251206163842100,SCRIPTLAUNCHPOINTID,1
MAXIMO  ,SCTEMPLATE,SQL251206163842290,SCTEMPLATEID,1
MAXIMO  ,SECURITYRESTRICT,SQL251206163842400,SECURITYRESTRICTID,1
MAXIMO  ,SERVERSESSION,SQL251206163842520,SERVERSESSIONID,1
MAXIMO  ,SERVICEADDRESS,SQL251206163842720,SERVICEADDRESSID,1
MAXIMO  ,SERVRECTRANS,SQL251206163842870,SERVRECTRANSID,1
MAXIMO  ,SETS,SQL251206163843010,SETSID,1
MAXIMO  ,SFWLICENSE,SQL251206163843130,SFWLICENSEID,1
MAXIMO  ,SFWLINE,SQL251206163843260,SFWLINEID,1
MAXIMO  ,SHIFT,SQL251206163843370,SHIFTID,1
MAXIMO  ,SHIFTPATTERNDAY,SQL251206163843490,SHIFTPATTERNDAYID,1
MAXIMO  ,SHIPMENT,SQL251206163843610,SHIPMENTID,1
MAXIMO  ,SHIPMENTLINE,SQL251206163843740,SHIPMENTLINEID,1
MAXIMO  ,SIGOPTFLAG,SQL251206163843860,SIGOPTFLAGID,1
MAXIMO  ,SIGOPTION,SQL251206163843980,SIGOPTIONID,1
MAXIMO  ,SITE,SQL251206163844110,SITEUID,1
MAXIMO  ,SITEAUTH,SQL251206163844230,SITEAUTHID,1
MAXIMO  ,SITEECOM,SQL251206163844370,SITEECOMID,1
MAXIMO  ,SKDACTION,SQL251206163844560,SKDACTIONID,1
MAXIMO  ,SKDACTIVITYQBE,SQL251206163844760,SKDACTIVITYQBEID,1
MAXIMO  ,SKDAPPLETEXT,SQL251206163844880,SKDAPPLETEXTID,1
MAXIMO  ,SKDASSETLOCQUERY,SQL251206163845010,SKDASSETLOCQUERYID,1
MAXIMO  ,SKDCAPACITYPLANPARAM,SQL251206163845130,SKDCAPACITYPLANPARAMID,1
MAXIMO  ,SKDCOMPLIANCE,SQL251206163845250,SKDCOMPLIANCEID,1
MAXIMO  ,SKDCOMPLIANCEWOLIST,SQL251206163845380,SKDCOMPLIANCEWOLISTID,1
MAXIMO  ,SKDDATAGROUP,SQL251206163845730,SKDDATAGROUPID,1
MAXIMO  ,SKDDATAVALMSG,SQL251206163845850,SKDDATAVALMSGID,1
MAXIMO  ,SKDDATAVALOPTION,SQL251206163845990,SKDDATAVALOPTIONID,1
MAXIMO  ,SKDDATAVALRESULT,SQL251206163846100,SKDDATAVALRESULTID,1
MAXIMO  ,SKDEMAVAILRES,SQL251206163846230,SKDEMAVAILRESID,1
MAXIMO  ,SKDGVPREF,SQL251206163846490,SKDGVPREFID,1
MAXIMO  ,SKDLABORHRS,SQL251206163846610,SKDLABORHRSID,1
MAXIMO  ,SKDLABORHRSTEMP,SQL251206163846730,SKDLABORHRSTEMPID,1
MAXIMO  ,SKDLABORMODPARAM,SQL251206163846860,SKDLABORMODPARAMID,1
MAXIMO  ,SKDOBJECT,SQL251206163846970,SKDOBJECTID,1
MAXIMO  ,SKDOBJECTMGR,SQL251206163847100,SKDOBJECTMGRID,1
MAXIMO  ,SKDODMAPP,SQL251206163847230,SKDODMAPPID,1
MAXIMO  ,SKDODMAPPQUERY,SQL251206163847350,SKDODMAPPQUERYID,1
MAXIMO  ,SKDODMECONFLICTMESSAGE,SQL251206163847470,SKDODMECONFLICTMESSAGEID,1
MAXIMO  ,SKDODMECONSTRAINTINFO,SQL251206163847590,SKDODMECONSTRAINTINFOID,1
MAXIMO  ,SKDODMEMSG,SQL251206163847780,SKDODMEMSGID,1
MAXIMO  ,SKDODMERESOURCESUMMARY,SQL251206163847900,SKDODMERESOURCESUMMARYID,1
MAXIMO  ,SKDODMERUN,SQL251206163848030,SKDODMERUNID,1
MAXIMO  ,SKDODMEUNSCHEDULEDTASK,SQL251206163848150,SKDODMEUNSCHEDULEDTASKID,1
MAXIMO  ,SKDOPASCPSALERT,SQL251206163848270,SKDOPASCPSALERTID,1
MAXIMO  ,SKDOPASCPSCONFLICT,SQL251206163848400,SKDOPASCPSCONFLICTID,1
MAXIMO  ,SKDOPASCPSKPI,SQL251206163848520,SKDOPASCPSKPIID,1
MAXIMO  ,SKDOPASCPSPARAM,SQL251206163848660,SKDOPASCPSPARAMID,1
MAXIMO  ,SKDOPASCPSSTATUS,SQL251206163848790,SKDOPASCPSSTATUSID,1
MAXIMO  ,SKDOPTPARAM,SQL251206163848910,SKDOPTPARAMID,1
MAXIMO  ,SKDORIGINDESTMATRIX,SQL251206163849040,SKDORIGINDESTMATRIXID,1
MAXIMO  ,SKDOVERRIDEAVAIL,SQL251206163849280,SKDOVERRIDEAVAILID,1
MAXIMO  ,SKDPROJECT,SQL251206163849700,SKDPROJECTID,1
MAXIMO  ,SKDPROJECTASSTS,SQL251206163849830,SKDPROJECTASSTSID,1
MAXIMO  ,SKDPROJECTEMWO,SQL251206163849950,SKDPROJECTEMWOID,1
MAXIMO  ,SKDPROJECTOBJ,SQL251206163850060,SKDPROJECTOBJID,1
MAXIMO  ,SKDPROJECTPUBLISH,SQL251206163850170,SKDPROJECTPUBLISHID,1
MAXIMO  ,SKDPROJECTSCENARIO,SQL251206163850290,SKDPROJECTSCENARIOID,1
MAXIMO  ,SKDPROJECTSHIFTS,SQL251206163850400,SKDPROJECTSHIFTSID,1
MAXIMO  ,SKDPROJECTSTATUS,SQL251206163850520,SKDPROJECTSTATUSID,1
MAXIMO  ,SKDPROPERTY,SQL251206163850650,SKDPROPERTYID,1
MAXIMO  ,SKDPROPERTYMAP,SQL251206163850770,SKDPROPERTYMAPID,1
MAXIMO  ,SKDQUERY,SQL251206163850890,SKDQUERYID,1
MAXIMO  ,SKDRESLEVELPARAM,SQL251206163851100,SKDRESLEVELPARAMID,1
MAXIMO  ,SKDRESOBJECT,SQL251206163851210,SKDRESOBJECTID,1
MAXIMO  ,SKDRESOURCEVIEW,SQL251206163851470,SKDRESOURCEVIEWID,1
MAXIMO  ,SKDSCENRUNKPI,SQL251206163851580,SKDSCENRUNKPIID,1
MAXIMO  ,SKDSCENRUNKPIDEF,SQL251206163851700,SKDSCENRUNKPIDEFID,1
MAXIMO  ,SKDSPATIALPARAM,SQL251206163851830,SKDSPATIALPARAMID,1
MAXIMO  ,SKDSTATE,SQL251206163852010,SKDSTATEID,1
MAXIMO  ,SKDTEMPLATES,SQL251206163852200,SKDTEMPLATESID,1
MAXIMO  ,SKDUSAGE,SQL251206163852320,SKDUSAGEID,1
MAXIMO  ,SKDUSERPROP,SQL251206163852450,SKDUSERPROPID,1
MAXIMO  ,SKDWOBREAKINOUT,SQL251206163852570,SKDWOBREAKINOUTID,1
MAXIMO  ,SKDWORKPLANEXTCAP,SQL251206163852690,SKDWORKPLANEXTCAPID,1
MAXIMO  ,SLA,SQL251206163852820,SLAID,1
MAXIMO  ,SLAASSETLOC,SQL251206163852950,SLAASSETLOCID,1
MAXIMO  ,SLACOMMITMENTS,SQL251206163853060,SLACOMMITMENTSID,1
MAXIMO  ,SLACONTRACT,SQL251206163853190,SLACONTRACTID,1
MAXIMO  ,SLAKPI,SQL251206163853310,SLAKPIID,1
MAXIMO  ,SLARECORDS,SQL251206163853430,SLARECORDSID,1
MAXIMO  ,SLROUTE,SQL251206163853550,SLROUTEID,1
MAXIMO  ,SLRTRAVELTIME,SQL251206163853670,SLRTRAVELTIMEID,1
MAXIMO  ,SMS,SQL251206163853780,SMSID,1
MAXIMO  ,SOLUTION,SQL251206163853910,SOLUTIONID,1
MAXIMO  ,SOLUTIONSPEC,SQL251206163854030,SOLUTIONSPECID,1
MAXIMO  ,SOLUTIONSTATUS,SQL251206163854160,SOLUTIONSTATUSID,1
MAXIMO  ,SPAREPART,SQL251206163854270,SPAREPARTID,1
MAXIMO  ,SPLEXICONLINK,SQL251206163854390,SPLEXICONLINKID,1
MAXIMO  ,SPRELATEDASSET,SQL251206163854500,SPRELATEDASSETID,1
MAXIMO  ,SPWORKASSET,SQL251206163854610,SPWORKASSETID,1
MAXIMO  ,STATEMANAGER,SQL251206163854790,STATEMANAGERID,1
MAXIMO  ,STOREROOMANCESTOR,SQL251206163854910,STOREROOMANCESTORID,1
MAXIMO  ,SYNONYMDOMAIN,SQL251206163855140,SYNONYMDOMAINID,1
MAXIMO  ,TABLEEXTTPLT,SQL251206163855340,TABLEEXTTPLTID,1
MAXIMO  ,TAGLOCK,SQL251206163855470,TAGLOCKID,1
MAXIMO  ,TAGOUT,SQL251206163855590,TAGOUTUID,1
MAXIMO  ,TAMITDPAHWM,SQL251206163855710,TAMITDPAHWMID,1
MAXIMO  ,TAMITSWPRTNUM,SQL251206163855840,TAMITSWPRTNUMID,1
MAXIMO  ,TAX,SQL251206163856030,TAXID,1
MAXIMO  ,TAXORDER,SQL251206163856150,TAXORDERID,1
MAXIMO  ,TAXTYPE,SQL251206163856270,TAXTYPEID,1
MAXIMO  ,TDTVERSION,SQL251206163856390,TDTVERSIONID,1
MAXIMO  ,TEMPLATESTATUS,SQL251206163856510,TEMPLATESTATUSID,1
MAXIMO  ,TERM,SQL251206163856630,TERMUID,1
MAXIMO  ,TESTEDIFF,SQL260306181228900,UID,1
MAXIMO  ,TICKET,SQL251206163856920,TICKETUID,1
MAXIMO  ,TICKETGEOHASH,SQL251206163857040,TICKETGEOHASHID,1
MAXIMO  ,TICKETSAGEOHASH,SQL251206163857160,TICKETSAGEOHASHID,1
MAXIMO  ,TICKETSPEC,SQL251206163857280,TICKETSPECID,1
MAXIMO  ,TIMEZONERULE,SQL251206163857390,TIMEZONERULEID,1
MAXIMO  ,TKOWNERHISTORY,SQL251206163857520,TKOWNERHISTORYID,1
MAXIMO  ,TKSERVICEADDRESS,SQL251206163857710,TKSERVICEADDRESSID,1
MAXIMO  ,TKSTATUS,SQL251206163857820,TKSTATUSID,1
MAXIMO  ,TKTEMPLATE,SQL251206163857950,TKTEMPLATEID,1
MAXIMO  ,TKTEMPLATESPEC,SQL251206163858080,TKTEMPLATESPECID,1
MAXIMO  ,TKTEMPLTACTIVITY,SQL251206163858200,TKTEMPLTACTIVITYID,1
MAXIMO  ,TKTEMPLTACTYSPEC,SQL251206163858320,TKTEMPLTACTYSPECID,1
MAXIMO  ,TLOAMASSETGRP,SQL251206163858430,TLOAMASSETGRPID,1
MAXIMO  ,TLOAMDPAANCESTOR,SQL251206163858540,TLOAMDPAANCESTORID,1
MAXIMO  ,TLOAMDPAHWM,SQL251206163858660,TLOAMDPAHWMID,1
MAXIMO  ,TLOAMFSNEVENTLISTENER,SQL251206163858780,TLOAMFSNEVENTLISTENERID,1
MAXIMO  ,TLOAMFSNRUNSTATUS,SQL251206163858900,TLOAMFSNRUNSTATUSID,1
MAXIMO  ,TLOAMPRMDFLT,SQL251206163859030,TLOAMPRMDFLTID,1
MAXIMO  ,TLOAMSOFTWARE,SQL251206163859160,TLOAMSOFTWAREID,1
MAXIMO  ,TLOAMSWCATALOG,SQL251206163859280,TLOAMSWCATALOGID,1
MAXIMO  ,TLOAMSWREL,SQL251206163859400,TLOAMSWRELID,1
MAXIMO  ,TOKENLICENSE,SQL251206163859520,TOKENLICENSEID,1
MAXIMO  ,TOKENLICFEATURES,SQL251206163859630,TOKENLICFEATURESID,1
MAXIMO  ,TOKENLICSIGOPTS,SQL251206163859750,TOKENLICSIGOPTSID,1
MAXIMO  ,TOKENLICSTATUS,SQL251206163859860,TOKENLICSTATUSID,1
MAXIMO  ,TOKENLICTYPESTATUS,SQL251206163859980,TOKENLICTYPESTATUSID,1
MAXIMO  ,TOKENLICUSERNAME,SQL251206163900110,TOKENLICUSERNAMEID,1
MAXIMO  ,TOKENLICUSERS,SQL251206163900220,TOKENLICUSERSID,1
MAXIMO  ,TOKENRESTPROD,SQL251206163900340,TOKENRESTPRODID,1
MAXIMO  ,TOOLQUAL,SQL251206163900450,TOOLQUALID,1
MAXIMO  ,TOOLTRANS,SQL251206163900580,TOOLTRANSID,1
MAXIMO  ,TS_BOOKMARK,BOOKMARK_PK,SRCSYSID,1
MAXIMO  ,TS_BOOKMARK,BOOKMARK_PK,STATUSTYPE,2
MAXIMO  ,TS_BOOKMARK,BOOKMARK_PK,STATUSID,3
MAXIMO  ,USERDEVICE,SQL251206163900700,USERDEVICEID,1
MAXIMO  ,USERNOTIFICATIONPOINT,SQL251206163900810,USERNOTIFICATIONPOINTID,1
MAXIMO  ,USERPREF,SQL251206163900930,USERPREFID,1
MAXIMO  ,USERPURGL,SQL251206163901040,USERPURGLID,1
MAXIMO  ,USERQUERY,SQL251206163901150,USERQUERYID,1
MAXIMO  ,USERTOURTRACKER,SQL251206163901260,USERTOURTRACKERID,1
MAXIMO  ,VENDORSTATUS,SQL251206163901370,VENDORSTATUSID,1
MAXIMO  ,VIEWMANAGER,SQL251206163901560,VIEWMANAGERID,1
MAXIMO  ,VMUSEROPTIONS,SQL251206163901750,VMUSEROPTIONSID,1
MAXIMO  ,WARRANTYASSET,SQL251206163901870,WARRANTYASSETID,1
MAXIMO  ,WARRANTYLINE,SQL251206163901990,WARRANTYLINEID,1
MAXIMO  ,WATSONVRIMG,SQL251206163902190,WATSONVRIMGID,1
MAXIMO  ,WCRELATEDTEMPLATE,SQL251206163902310,WCRELATEDTEMPLATEID,1
MAXIMO  ,WCTEMPLATEAUTH,SQL251206163902430,WCTEMPLATEAUTHID,1
MAXIMO  ,WEATHERALERTIMPACT,SQL251206163902550,WEATHERALERTIMPACTID,1
MAXIMO  ,WEATHERAPP,SQL251206163902680,WEATHERAPPID,1
MAXIMO  ,WEATHERASSET,SQL251206163902800,WEATHERASSETID,1
MAXIMO  ,WEATHERASSETSUB,SQL251206163902930,WEATHERASSETSUBID,1
MAXIMO  ,WEATHERATTR,SQL251206163903040,WEATHERATTRID,1
MAXIMO  ,WEATHERCFG,SQL251206163903160,WEATHERCFGID,1
MAXIMO  ,WEATHERCFGATTR,SQL251206163903280,WEATHERCFGATTRID,1
MAXIMO  ,WEATHERENDPOINT,SQL251206163903390,WEATHERENDPOINTID,1
MAXIMO  ,WEATHERGROUP,SQL251206163903510,WEATHERGROUPID,1
MAXIMO  ,WEATHERORG,SQL251206163903630,WEATHERORGID,1
MAXIMO  ,WEATHERPRODUCT,SQL251206163903750,WEATHERPRODUCTID,1
MAXIMO  ,WEATHERUSAGE,SQL251206163903870,WEATHERUSAGEID,1
MAXIMO  ,WEATHERZONE,SQL251206163904000,WEATHERZONEID,1
MAXIMO  ,WFACTION,SQL251206163904120,WFACTIONID,1
MAXIMO  ,WFACTIVATION,SQL251206163904230,WFACTIVATIONID,1
MAXIMO  ,WFAPPTOOLBAR,SQL251206163904360,WFAPPTOOLBARID,1
MAXIMO  ,WFASGNGROUP,SQL251206163904480,WFASGNGROUPID,1
MAXIMO  ,WFASSIGNMENT,SQL251206163904610,WFASSIGNMENTID,1
MAXIMO  ,WFCALLSTACK,SQL251206163904720,WFCALLSTACKID,1
MAXIMO  ,WFCONDITION,SQL251206163904850,WFCONDITIONID,1
MAXIMO  ,WFINPUT,SQL251206163904960,WFINPUTID,1
MAXIMO  ,WFINSTANCE,SQL251206163905080,WFID,1
MAXIMO  ,WFINTERACTION,SQL251206163905200,WFINTERACTIONID,1
MAXIMO  ,WFNODE,SQL251206163905320,WFNODEID,1
MAXIMO  ,WFNOTIFICATION,SQL251206163905430,NOTIFICATIONID,1
MAXIMO  ,WFPROCESS,SQL251206163905560,WFPROCESSID,1
MAXIMO  ,WFREVISION,SQL251206163905680,WFREVISIONID,1
MAXIMO  ,WFSTART,SQL251206163905800,WFSTARTID,1
MAXIMO  ,WFSTOP,SQL251206163905910,WFSTOPID,1
MAXIMO  ,WFSUBPROCESS,SQL251206163906040,WFSUBPROCESSID,1
MAXIMO  ,WFTASK,SQL251206163906160,WFTASKID,1
MAXIMO  ,WFTRANSACTION,SQL251206163906270,TRANSID,1
MAXIMO  ,WFWAITLIST,SQL251206163906400,WFWAITLISTID,1
MAXIMO  ,WMASSIGNTMP,SQL251206163906520,WMASSIGNTMPID,1
MAXIMO  ,WMMATCH,SQL251206163906640,WMMATCHID,1
MAXIMO  ,WMMATCHCRW,SQL251206163906760,WMMATCHCRWID,1
MAXIMO  ,WOANCESTOR,SQL251206163906890,WOANCESTORID,1
MAXIMO  ,WOCONTRACT,SQL251206163907000,WOCONTRACTID,1
MAXIMO  ,WOGEN,SQL251206163907130,WOGENID,1
MAXIMO  ,WOGEOHASH,SQL251206163907250,WOGEOHASHID,1
MAXIMO  ,WOHAZARD,SQL251206163907390,WOHAZARDID,1
MAXIMO  ,WOHAZARDPREC,SQL251206163907500,WOHAZARDPRECID,1
MAXIMO  ,WOLOCKOUT,SQL251206163907620,WOLOCKOUTID,1
MAXIMO  ,WOMATSTATUSSYNC,SQL251206163907740,WOMATSTATUSSYNCID,1
MAXIMO  ,WOMETER,SQL251206163907980,WOMETERID,1
MAXIMO  ,WOOWNERHISTORY,SQL251206163908090,WOOWNERHISTORYID,1
MAXIMO  ,WOPRECAUTION,SQL251206163908210,WOPRECAUTIONID,1
MAXIMO  ,WORELEXT,SQL251206163908330,WORELEXTID,1
MAXIMO  ,WORKCENTERTEMPLATE,SQL251206163908450,WORKCENTERTEMPLATEID,1
MAXIMO  ,WORKLOG,SQL251206163908570,WORKLOGID,1
MAXIMO  ,WORKORDER,SQL251206163908900,WORKORDERID,1
MAXIMO  ,WORKORDERSPEC,SQL251206163909030,WORKORDERSPECID,1
MAXIMO  ,WORKPERIOD,SQL251206163909150,WORKPERIODID,1
MAXIMO  ,WORKPRIORITY,SQL251206163909270,WORKPRIORITYID,1
MAXIMO  ,WORKSCAPELAYOUT,SQL251206163909390,WORKSCAPELAYOUTID,1
MAXIMO  ,WORKTYPE,SQL251206163909520,WORKTYPEID,1
MAXIMO  ,WORKVIEW,SQL251206163909640,WORKVIEWID,1
MAXIMO  ,WORKZONE,SQL251206163909760,WORKZONEID,1
MAXIMO  ,WOSAFETYLINK,SQL251206163909880,WOSAFETYLINKID,1
MAXIMO  ,WOSAFETYPLAN,SQL251206163909990,WOSAFETYPLANID,1
MAXIMO  ,WOSAGEOHASH,SQL251206163910120,WOSAGEOHASHID,1
MAXIMO  ,WOSERVICEADDRESS,SQL251206163910330,WOSERVICEADDRESSID,1
MAXIMO  ,WOSTATUS,SQL251206163910450,WOSTATUSID,1
MAXIMO  ,WOTAGLOCK,SQL251206163910580,TAGLOCKID,1
MAXIMO  ,WOTAGOUT,SQL251206163910710,WOTAGOUTID,1
MAXIMO  ,WOTASKRELATION,SQL251206163910830,WOTASKRELATIONID,1
MAXIMO  ,WOWEATHERALERT,SQL251206163910950,WOWEATHERALERTID,1
MAXIMO  ,WPEDITSETTING,SQL251206163911070,WPEDITSETTINGID,1
MAXIMO  ,WPITEM,SQL251206163911210,WPITEMID,1
MAXIMO  ,WPLABOR,SQL251206163911340,WPLABORUID,1
