"TABSCHEMA","TABNAME","TYPE"
MAXIMO  ,ACCOUNTDEFAULTS,T
MAXIMO  ,ACTCI,T
MAXIMO  ,ACTCIRELATION,T
MAXIMO  ,ACTCISPEC,T
MAXIMO  ,ACTION,T
MAXIMO  ,ACTIONGROUP,T
MAXIMO  ,ACTIONSCFG,T
MAXIMO  ,ADDRESS,T
MAXIMO  ,AHBLTHRESHOLD,T
MAXIMO  ,AHBLTHRESHOLDRANGE,T
MAXIMO  ,AHDRIVERLIB,T
MAXIMO  ,AHMETHODDRIVER,T
MAXIMO  ,AHMETHODOLOGY,T
MAXIMO  ,AHSCOREMAP,T
MAXIMO  ,ALLWEATHERPRODUCTS,T
MAXIMO  ,ALNDOMAIN,T
MAXIMO  ,ALTITEM,T
MAXIMO  ,AMCREW,T
MAXIMO  ,AMCREWLABOR,T
MAXIMO  ,AMCREWLABPOS,T
MAXIMO  ,AMCREWMODAVAIL,T
MAXIMO  ,AMCREWQUAL,T
MAXIMO  ,AMCREWSTATHIS,T
MAXIMO  ,AMCREWT,T
MAXIMO  ,AMCREWTOOL,T
MAXIMO  ,AMCREWTOOLSQ,T
MAXIMO  ,AMCREWWOLAB,T
MAXIMO  ,AMCREWWORKZONE,T
MAXIMO  ,AMCREWWOTL,T
MAXIMO  ,AMCTCRAFT,T
MAXIMO  ,AMCTQUAL,T
MAXIMO  ,AMCTSTATHIST,T
MAXIMO  ,AMCTTOOL,T
MAXIMO  ,ANALYTICAUTH,T
MAXIMO  ,ANALYTICDATASET,T
MAXIMO  ,ANOMALY,T
MAXIMO  ,ANOMALYCATALOG,T
MAXIMO  ,APICSRFTOKEN,T
MAXIMO  ,APIKEYTOKEN,T
MAXIMO  ,APILINKEDOBJECT,T
MAXIMO  ,APIROUTE,T
MAXIMO  ,APIROUTEPROP,T
MAXIMO  ,APPDOCTYPE,T
MAXIMO  ,APPFIELDDEFAULTS,T
MAXIMO  ,APPLICATIONAUTH,T
MAXIMO  ,APPPROPCFG,T
MAXIMO  ,APPTBKCOMMITGROUP,T
MAXIMO  ,APPTBKCOMMITPERSON,T
MAXIMO  ,APPTBKSTATUS,T
MAXIMO  ,APPTBKWINDOWAVAIL,T
MAXIMO  ,APPTBKWINDOWS,T
MAXIMO  ,APPTBOOK,T
MAXIMO  ,APPTBOOKASSIGNMENTS,T
MAXIMO  ,APPTBOOKJOBPLAN,T
MAXIMO  ,APPTRACKER,T
MAXIMO  ,APPUSERPROPCFG,T
MAXIMO  ,ARCHIVE,T
MAXIMO  ,AREASAFFECTED,T
MAXIMO  ,ASSET,T
MAXIMO  ,ASSETANCESTOR,T
MAXIMO  ,ASSETATTRIBUTE,T
MAXIMO  ,ASSETFEASPECHIST,T
MAXIMO  ,ASSETFEATURE,T
MAXIMO  ,ASSETFEATUREHIST,T
MAXIMO  ,ASSETFEATURESPEC,T
MAXIMO  ,ASSETGEOHASH,T
MAXIMO  ,ASSETHIERARCHY,T
MAXIMO  ,ASSETHISTORY,T
MAXIMO  ,ASSETLOCCOMM,T
MAXIMO  ,ASSETLOCRELATION,T
MAXIMO  ,ASSETLOCRELHIST,T
MAXIMO  ,ASSETLOCUSERCUST,T
MAXIMO  ,ASSETMETER,T
MAXIMO  ,ASSETMNTSKD,T
MAXIMO  ,ASSETOPSKD,T
MAXIMO  ,ASSETROLLUPSTATUS,T
MAXIMO  ,ASSETSPEC,T
MAXIMO  ,ASSETSPECHIST,T
MAXIMO  ,ASSETSTATUS,T
MAXIMO  ,ASSETTOPOCACHE,T
MAXIMO  ,ASSETTRANS,T
MAXIMO  ,ASSETTYPE,T
MAXIMO  ,ASSETUSERCUST,V
MAXIMO  ,ASSETWORKZONE,T
MAXIMO  ,ASSIGNMENT,T
MAXIMO  ,ASSIGNREPLOC,T
MAXIMO  ,ASTMSOVER,T
MAXIMO  ,ASTSPECMSOVER,T
MAXIMO  ,ASYNCJOBOBJSNAP,T
MAXIMO  ,ATTENDANCE,T
MAXIMO  ,ATTRFORMULA,T
MAXIMO  ,ATTRFORMULACOND,T
MAXIMO  ,AUTHROLE,T
MAXIMO  ,AUTHROLEUSER,T
MAXIMO  ,AUTOATTRUPDATE,T
MAXIMO  ,AUTOKEY,T
MAXIMO  ,AUTOLOCATEFIELDS,T
MAXIMO  ,AUTOSCRIPT,T
MAXIMO  ,AUTOSCRIPTSTATE,T
MAXIMO  ,AUTOSCRIPTVARS,T
MAXIMO  ,A_ALNDOMAIN,T
MAXIMO  ,A_ALNDOMAIN2,T
MAXIMO  ,A_ASSET,T
MAXIMO  ,A_ASSETMETER,T
MAXIMO  ,A_CROSSOVERDOMAIN,T
MAXIMO  ,A_INVCOST,T
MAXIMO  ,A_INVENTORY,T
MAXIMO  ,A_LOCATIONS,T
MAXIMO  ,A_MAXLOGGER,T
MAXIMO  ,A_MAXTABLEDOMAIN,T
MAXIMO  ,A_NUMERICDOMAIN,T
MAXIMO  ,A_OOG_MEMOSTATUSLOG,T
MAXIMO  ,A_PM,T
MAXIMO  ,A_PMMETER,T
MAXIMO  ,A_SYNONYMDOMAIN,T
MAXIMO  ,BBOARDAUDIENCE,T
MAXIMO  ,BBOARDMSGSTATUS,T
MAXIMO  ,BBSTATUSHISTORY,T
MAXIMO  ,BCK_PLUSGHAZRISK,T
MAXIMO  ,BCK_PLUSGHAZRISKPREC,T
MAXIMO  ,BCK_PLUSGRISKASSESS,T
MAXIMO  ,BILLTOSHIPTO,T
MAXIMO  ,BIMATTRIBUTEMAP,T
MAXIMO  ,BIMATTRIBUTEMAPENTRY,T
MAXIMO  ,BIMATTRIBUTEMAPLIST,T
MAXIMO  ,BIMCOMMISSION,T
MAXIMO  ,BIMCONFIGURATION,T
MAXIMO  ,BIMFILTER,T
MAXIMO  ,BIMFILTERENTRY,T
MAXIMO  ,BIMFILTERLIST,T
MAXIMO  ,BIMOMNICLASSIMPORT,T
MAXIMO  ,BIMOMNICLASSUSEWITH,T
MAXIMO  ,BIMPRODUCT,V
MAXIMO  ,BIMPRODUCTBASE,T
MAXIMO  ,BIMPRODUCTBASESPEC,T
MAXIMO  ,BIMPRODUCTJOB,T
MAXIMO  ,BIMPRODUCTPART,T
MAXIMO  ,BIMPRODUCTPARTSUPP,T
MAXIMO  ,BIMPRODUCTSTATUS,T
MAXIMO  ,BIMPROJECT,T
MAXIMO  ,BIMSESSION,T
MAXIMO  ,BIMSPECMAPENTRY,T
MAXIMO  ,BIMSYSTEMMAPENTRY,T
MAXIMO  ,BIMTYPEMAP,T
MAXIMO  ,BIMTYPEMAPLIST,T
MAXIMO  ,BIMUPLOAD,T
MAXIMO  ,BOOKMARK,T
MAXIMO  ,BUDGET,T
MAXIMO  ,BUDGETANALYSISAXIS,T
MAXIMO  ,BUDGETANALYSISAXISNUMBER,T
MAXIMO  ,BUDGETFLAG,T
MAXIMO  ,BUDGETLINE,T
MAXIMO  ,BUDGETRULE,T
MAXIMO  ,BUDGETRULEASSOC,T
MAXIMO  ,BUDGETRULEPROC,T
MAXIMO  ,BUDGETRULEPROCTRANS,T
MAXIMO  ,BUDGETRULETRANSDATE,T
MAXIMO  ,BUDGETSTATUS,T
MAXIMO  ,BUILDINGMODEL,T
MAXIMO  ,BULLETINBOARD,T
MAXIMO  ,CALENDAR,T
MAXIMO  ,CALENDARBREAK,T
MAXIMO  ,CDMCITYPES,T
MAXIMO  ,CHARPOINTACTION,T
MAXIMO  ,CHARTOFACCOUNTS,T
MAXIMO  ,CI,T
MAXIMO  ,CIRELATION,T
MAXIMO  ,CIRELATIONHIS,T
MAXIMO  ,CISPEC,T
MAXIMO  ,CISPECHIS,T
MAXIMO  ,CISTATUS,T
MAXIMO  ,CITEMPLATE,T
MAXIMO  ,CITYPESTATUS,T
MAXIMO  ,CLASSANCESTOR,T
MAXIMO  ,CLASSIFICATION,T
MAXIMO  ,CLASSSPEC,T
MAXIMO  ,CLASSSPECUSEWITH,T
MAXIMO  ,CLASSSTRUCTURE,T
MAXIMO  ,CLASSUSEWITH,T
MAXIMO  ,COLLECTDETAILS,T
MAXIMO  ,COLLECTION,T
MAXIMO  ,COLLECTIONAUTH,T
MAXIMO  ,COMMITGROUP,T
MAXIMO  ,COMMITPERSON,T
MAXIMO  ,COMMLOG,T
MAXIMO  ,COMMLOGDOCS,T
MAXIMO  ,COMMODITIES,T
MAXIMO  ,COMMTEMPLATE,T
MAXIMO  ,COMMTEMPLATEDOCS,T
MAXIMO  ,COMMTMPLTSENDTO,T
MAXIMO  ,COMPANIES,T
MAXIMO  ,COMPANYACCDEF,T
MAXIMO  ,COMPANYSETFILTER,V
MAXIMO  ,COMPCOMMODITY,T
MAXIMO  ,COMPCONTACT,T
MAXIMO  ,COMPCONTACTMSTR,T
MAXIMO  ,COMPMASTER,T
MAXIMO  ,COMPUTERSYSTEM,V
MAXIMO  ,CONDITION,T
MAXIMO  ,CONTASSETMETER,T
MAXIMO  ,CONTCOMMODITY,T
MAXIMO  ,CONTLINEASSET,T
MAXIMO  ,CONTLINEMETER,T
MAXIMO  ,CONTRACT,T
MAXIMO  ,CONTRACTASSET,T
MAXIMO  ,CONTRACTAUTH,T
MAXIMO  ,CONTRACTDEFAULT,T
MAXIMO  ,CONTRACTLEASE,T
MAXIMO  ,CONTRACTLINE,T
MAXIMO  ,CONTRACTLINE_BK,T
MAXIMO  ,CONTRACTMASTER,T
MAXIMO  ,CONTRACTPROPERTY,T
MAXIMO  ,CONTRACTPURCH,T
MAXIMO  ,CONTRACTSFW,T
MAXIMO  ,CONTRACTSTATUS,T
MAXIMO  ,CONTRACTSWLIC,T
MAXIMO  ,CONTRACTTERM,T
MAXIMO  ,CONTRACTTYPE,T
MAXIMO  ,CONTRACTTYPETERM,T
MAXIMO  ,CONTSFWLIC,T
MAXIMO  ,CONVERSION,T
MAXIMO  ,COSTTYPE,T
MAXIMO  ,COUNTBOOK,T
MAXIMO  ,COUNTBOOKCHNGSTAT,T
MAXIMO  ,COUNTBOOKLINE,T
MAXIMO  ,COUNTBOOKSEL,T
MAXIMO  ,COUNTBOOKSTATUS,T
MAXIMO  ,CRAFT,T
MAXIMO  ,CRAFTRATE,T
MAXIMO  ,CRAFTSKILL,T
MAXIMO  ,CRONTASKDEF,T
MAXIMO  ,CRONTASKHISTORY,T
MAXIMO  ,CRONTASKINSTANCE,T
MAXIMO  ,CRONTASKPARAM,T
MAXIMO  ,CROSSOVERDOMAIN,T
MAXIMO  ,CTRLCONDITION,T
MAXIMO  ,CTRLCONDPROP,T
MAXIMO  ,CTRLGROUP,T
MAXIMO  ,CURRENCY,T
MAXIMO  ,DCLNODESINBV,V
MAXIMO  ,DDUSERAUTH,T
MAXIMO  ,DEFAULTOSQUERY,T
MAXIMO  ,DEFAULTQUERY,T
MAXIMO  ,DEPHISTORY,T
MAXIMO  ,DEPLOYEDASSET,T
MAXIMO  ,DEPRECIATION,T
MAXIMO  ,DEPSCHED,T
MAXIMO  ,DEPSCHEDHISTORY,T
MAXIMO  ,DEPSCHEDPERIODS,T
MAXIMO  ,DEPTRANS,T
MAXIMO  ,DMCFGGROUP,T
MAXIMO  ,DMCFGOBJECT,T
MAXIMO  ,DMCOLLAPPTOOLBAR,T
MAXIMO  ,DMCOLLECTION,T
MAXIMO  ,DMCOLLECTIONEXPORT,T
MAXIMO  ,DMCOLLECTIONOBJECT,T
MAXIMO  ,DMCOLLECTIONRELOBJ,T
MAXIMO  ,DMCOLLEVENTTRK,T
MAXIMO  ,DMCOLLLOOKUPRULE,T
MAXIMO  ,DMCOLLPACKAGEMAP,T
MAXIMO  ,DMCOLLPKGEXCEPTION,T
MAXIMO  ,DMCOLLRELRULE,T
MAXIMO  ,DMCOLLRELRULECOLS,T
MAXIMO  ,DMCOMPJOB,T
MAXIMO  ,DMCOMPRESRECORD,T
MAXIMO  ,DMCOMPRESULT,T
MAXIMO  ,DMDEPENDENCY,T
MAXIMO  ,DMERROR,T
MAXIMO  ,DMMAPDEF,T
MAXIMO  ,DMMAPPINGATTRIBUTEVIEW,V
MAXIMO  ,DMMESSAGE,T
MAXIMO  ,DMPACKAGE,T
MAXIMO  ,DMPACKAGEDEF,T
MAXIMO  ,DMPKGCFGGRPDEF,T
MAXIMO  ,DMPKGCFGOBJDEF,T
MAXIMO  ,DMPKGCMPSRC,T
MAXIMO  ,DMPKGCMPSRCDEF,T
MAXIMO  ,DMPKGDEFSTATUS,T
MAXIMO  ,DMPKGDIST,T
MAXIMO  ,DMPKGDISTTRACK,T
MAXIMO  ,DMPKGDSTTRGT,T
MAXIMO  ,DMPKGEVENTTRK,T
MAXIMO  ,DMPKGSTAGING,T
MAXIMO  ,DMPKGSTATUS,T
MAXIMO  ,DMPKGTRACKHIST,T
MAXIMO  ,DMRESTRICTION,T
MAXIMO  ,DMSAPISETTING,T
MAXIMO  ,DOCINFO,T
MAXIMO  ,DOCLINKS,T
MAXIMO  ,DOCTYPES,T
MAXIMO  ,DOMAINMETA,T
MAXIMO  ,DPACCOMMDEVICE,V
MAXIMO  ,DPACCPU,V
MAXIMO  ,DPACDISK,V
MAXIMO  ,DPACDISPLAY,V
MAXIMO  ,DPACIMAGEDEVICE,V
MAXIMO  ,DPACMEDIAADAPTER,V
MAXIMO  ,DPACNETADAPTER,V
MAXIMO  ,DPACNETDEVCARD,V
MAXIMO  ,DPACOMMDEVICE,T
MAXIMO  ,DPACOMPUTER,T
MAXIMO  ,DPACOS,V
MAXIMO  ,DPACPU,T
MAXIMO  ,DPACSOFTWARE,V
MAXIMO  ,DPACSWSUITE,V
MAXIMO  ,DPADISK,T
MAXIMO  ,DPADISPLAY,T
MAXIMO  ,DPAFILE,T
MAXIMO  ,DPAIMAGEDEVICE,T
MAXIMO  ,DPAIPX,T
MAXIMO  ,DPALOGICALDRIVE,T
MAXIMO  ,DPAMADAPTER,T
MAXIMO  ,DPAMADPTVARIANT,T
MAXIMO  ,DPAMEDIAADAPTER,T
MAXIMO  ,DPAMMANUFACTURER,T
MAXIMO  ,DPAMMANUVARIANT,T
MAXIMO  ,DPAMOS,T
MAXIMO  ,DPAMOSVARIANT,T
MAXIMO  ,DPAMPROCESSOR,T
MAXIMO  ,DPAMPROCVARIANT,T
MAXIMO  ,DPAMSOFTWARE,T
MAXIMO  ,DPAMSWSUITE,T
MAXIMO  ,DPAMSWSUITECOMP,T
MAXIMO  ,DPAMSWUSAGE,T
MAXIMO  ,DPAMSWUSAGERANGE,T
MAXIMO  ,DPAMSWVARIANT,T
MAXIMO  ,DPANETADAPTER,T
MAXIMO  ,DPANETDEVCARD,T
MAXIMO  ,DPANETDEVICE,T
MAXIMO  ,DPANETPRINTER,T
MAXIMO  ,DPAOS,T
MAXIMO  ,DPASOFTWARE,T
MAXIMO  ,DPASWSUITE,T
MAXIMO  ,DPATCPIP,T
MAXIMO  ,DPAUSERINFO,T
MAXIMO  ,DUMMY_TABLE,T
MAXIMO  ,EMAIL,T
MAXIMO  ,ESCALATION,T
MAXIMO  ,ESCCOMMLOG,V
MAXIMO  ,ESCNOTIFICATION,T
MAXIMO  ,ESCREFPOINT,T
MAXIMO  ,ESCREPEATTRACK,T
MAXIMO  ,ESCSTATUS,T
MAXIMO  ,EVENTRESPONSE,T
MAXIMO  ,EXCHANGE,T
MAXIMO  ,EXCLUDEDACTIONS,T
MAXIMO  ,EXCLUDEDMAPAPPS,T
MAXIMO  ,EXCLUDEPASSWORD,T
MAXIMO  ,EXPCONDITION,T
MAXIMO  ,EXPEXCEPTION,T
MAXIMO  ,EXPFUNCTIONS,T
MAXIMO  ,EXPGROUP,T
MAXIMO  ,EXPORTDATATS,T
MAXIMO  ,EXTNODESINASTLOCREL,V
MAXIMO  ,FACONFIG,T
MAXIMO  ,FAILURECODE,T
MAXIMO  ,FAILURELIST,T
MAXIMO  ,FAILUREREMARK,T
MAXIMO  ,FAILUREREPORT,T
MAXIMO  ,FAVITEM,T
MAXIMO  ,FEATURES,T
MAXIMO  ,FEATURESPEC,T
MAXIMO  ,FEATURESTATUS,T
MAXIMO  ,FILEEXPORTREQQUEUE,T
MAXIMO  ,FILEIMPORTREQQUEUE,T
MAXIMO  ,FINANCIALPERIODS,T
MAXIMO  ,FINCNTRL,T
MAXIMO  ,FSNCLASS,T
MAXIMO  ,FSNCLASSQUAL,T
MAXIMO  ,FSNCLASSRELATION,T
MAXIMO  ,FSNLASTSCAN,T
MAXIMO  ,FSNMETHOD,T
MAXIMO  ,FSNMETHODPARAM,T
MAXIMO  ,FSNMTHDPARAMQUAL,T
MAXIMO  ,FSNMTHDQUAL,T
MAXIMO  ,FSNOBJECT,T
MAXIMO  ,FSNOBJPROPERTY,T
MAXIMO  ,FSNOBJRELATION,T
MAXIMO  ,FSNPROPERTY,T
MAXIMO  ,FSNPROPERTYQUAL,T
MAXIMO  ,FSNPROVIDER,T
MAXIMO  ,FSNQUALIFIER,T
MAXIMO  ,FSNREFPROPERTY,T
MAXIMO  ,FSNSCHEMA,T
MAXIMO  ,FSNSQLCOLUMN,T
MAXIMO  ,FSNSQLTABLE,T
MAXIMO  ,FSNTABLEQUAL,T
MAXIMO  ,GBTEMPLATE,T
MAXIMO  ,GBTEMPLATECFG,T
MAXIMO  ,GBTEMPLATECOND,T
MAXIMO  ,GEOMETRYCONFIG,T
MAXIMO  ,GLAUTH,T
MAXIMO  ,GLCOMPONENTS,T
MAXIMO  ,GLCONFIGURE,T
MAXIMO  ,GROUPUSER,T
MAXIMO  ,GRPREASSIGNAUTH,T
MAXIMO  ,GUESTTRUSTDOMAIN,T
MAXIMO  ,GUESTTRUSTEMAIL,T
MAXIMO  ,GUESTTRUSTPOLICY,T
MAXIMO  ,HAZARD,T
MAXIMO  ,HAZARDPREC,T
MAXIMO  ,IA_COMPRAS_PREVDEMANDA,T
MAXIMO  ,IBMCONTENTCATALOG,T
MAXIMO  ,IBMCONTENTRECEIPTS,T
MAXIMO  ,IMAGEINFERENCE,T
MAXIMO  ,IMGLIB,T
MAXIMO  ,IMPROFILE,T
MAXIMO  ,INBCOMMSECURITY,T
MAXIMO  ,INBOUNDCOMM,T
MAXIMO  ,INBOUNDCOMMCFG,T
MAXIMO  ,INBXCONFIG,T
MAXIMO  ,INCIDENT,V
MAXIMO  ,INSIGHT,T
MAXIMO  ,INSIGHTFACTOR,T
MAXIMO  ,INSPCASCADEOPTION,T
MAXIMO  ,INSPECTIONFORM,T
MAXIMO  ,INSPECTIONFORMSTATUS,T
MAXIMO  ,INSPECTIONIMAGEINFERENCE,T
MAXIMO  ,INSPECTIONMVIMODEL,T
MAXIMO  ,INSPECTIONRESULT,T
MAXIMO  ,INSPFIELD,T
MAXIMO  ,INSPFIELDOPTION,T
MAXIMO  ,INSPFIELDRESULT,T
MAXIMO  ,INSPFIELDRESULTSELECTION,T
MAXIMO  ,INSPFORMSCRIPT,T
MAXIMO  ,INSPFORMUSEWITH,T
MAXIMO  ,INSPQUESTION,T
MAXIMO  ,INSPRESULTFORM,V
MAXIMO  ,INSPRESULTSTATUS,T
MAXIMO  ,INVBALANCES,T
MAXIMO  ,INVCOST,T
MAXIMO  ,INVENTORY,T
MAXIMO  ,INVLIFOFIFOCOST,T
MAXIMO  ,INVLOT,T
MAXIMO  ,INVOICE,T
MAXIMO  ,INVOICECOST,T
MAXIMO  ,INVOICELINE,T
MAXIMO  ,INVOICEMATCH,T
MAXIMO  ,INVOICESTATUS,T
MAXIMO  ,INVOICETERM,T
MAXIMO  ,INVOICETRANS,T
MAXIMO  ,INVPICKLIST,T
MAXIMO  ,INVPICKLISTSTATUS,T
MAXIMO  ,INVRESERVE,T
MAXIMO  ,INVSTATUS,T
MAXIMO  ,INVTRANS,T
MAXIMO  ,INVUSE,T
MAXIMO  ,INVUSELINE,T
MAXIMO  ,INVUSELINEREVIEW,V
MAXIMO  ,INVUSELINESPLIT,T
MAXIMO  ,INVUSESTATUS,T
MAXIMO  ,INVVENDOR,T
MAXIMO  ,IOTENDPTDTLS,T
MAXIMO  ,IOTFCFG,T
MAXIMO  ,IOTFDEVICEMAPPING,T
MAXIMO  ,IOTFDEVICETYPECFG,T
MAXIMO  ,IOTFHISTORIAN,T
MAXIMO  ,IOTPAYLOADPROPS,T
MAXIMO  ,IOTRESTDTLS,T
MAXIMO  ,IOTRESTENDPOINTS,T
MAXIMO  ,IOTSERVICE,T
MAXIMO  ,ITEAM,T
MAXIMO  ,ITEM,T
MAXIMO  ,ITEMCONDITION,T
MAXIMO  ,ITEMORGINFO,T
MAXIMO  ,ITEMORGSTATUS,T
MAXIMO  ,ITEMSETFILTER,V
MAXIMO  ,ITEMSPEC,T
MAXIMO  ,ITEMSTATUS,T
MAXIMO  ,ITEMSTRUCT,T
MAXIMO  ,ITSEQ,T
MAXIMO  ,JOBITEM,T
MAXIMO  ,JOBLABOR,T
MAXIMO  ,JOBMATERIAL,V
MAXIMO  ,JOBPLAN,T
MAXIMO  ,JOBPLANCLASS,T
MAXIMO  ,JOBPLANSPEC,T
MAXIMO  ,JOBSERVICE,V
MAXIMO  ,JOBTASK,T
MAXIMO  ,JOBTASKSPEC,T
MAXIMO  ,JOBTOOL,V
MAXIMO  ,JPASSETSPLINK,T
MAXIMO  ,JPTASKRELATION,T
MAXIMO  ,JSONATTRIBUTEMAP,T
MAXIMO  ,JSONMAPDETAIL,T
MAXIMO  ,JSONMAPPING,T
MAXIMO  ,JSONMAPPROPS,T
MAXIMO  ,JSONMAPPROPVALUES,T
MAXIMO  ,JSONMERGEATTRIBUTE,T
MAXIMO  ,JSONMERGEOBJECT,T
MAXIMO  ,JSONOBJECTMAP,T
MAXIMO  ,JSONRESOURCE,T
MAXIMO  ,JSONRESOURCETYPE,T
MAXIMO  ,KLASSMAT_CATALOGO_ITEM,T
MAXIMO  ,KPIAUTH,T
MAXIMO  ,KPIGCONFIG,T
MAXIMO  ,KPIHISTORY,T
MAXIMO  ,KPILCONFIG,T
MAXIMO  ,KPIMAIN,T
MAXIMO  ,KPIOEE,T
MAXIMO  ,KPISCHEDULE,T
MAXIMO  ,KPITEMPLATE,T
MAXIMO  ,KPITEMPLATEMAIN,T
MAXIMO  ,KPITEMPLATEVAR,T
MAXIMO  ,KPITEMPLATEVARVALUE,T
MAXIMO  ,KPITRENDCFG,T
MAXIMO  ,LABOR,T
MAXIMO  ,LABORAUTH,T
MAXIMO  ,LABORCERTHIST,T
MAXIMO  ,LABORCRAFTRATE,T
MAXIMO  ,LABORQUAL,T
MAXIMO  ,LABORQUALSTATUS,T
MAXIMO  ,LABORSTATUS,T
MAXIMO  ,LABORVIEW,V
MAXIMO  ,LABORWORKZONE,T
MAXIMO  ,LABTRANS,T
MAXIMO  ,LANGUAGE,T
MAXIMO  ,LAUNCHPOINTVARS,T
MAXIMO  ,LAYOUT,T
MAXIMO  ,LBSCREWVIEW,V
MAXIMO  ,LBSLABORVIEW,V
MAXIMO  ,LBSLOCATION,T
MAXIMO  ,LDAPSYNCPARAMS,T
MAXIMO  ,LEASEVIEW,V
MAXIMO  ,LEASEVIEWLINE,V
MAXIMO  ,LIMITTOLERANCE,T
MAXIMO  ,LINEARAPPLAYER,T
MAXIMO  ,LINEARATTRIBUTEDEFAULT,T
MAXIMO  ,LINEARLAYER,T
MAXIMO  ,LINEARREFMETHOD,T
MAXIMO  ,LMO,T
MAXIMO  ,LMOATT,T
MAXIMO  ,LMOIMRLN,T
MAXIMO  ,LNKCLAUSEATRNAME,V
MAXIMO  ,LNRRECALIB,T
MAXIMO  ,LNRRECALIBNONAF,T
MAXIMO  ,LOCANCESTOR,T
MAXIMO  ,LOCATIONMETER,T
MAXIMO  ,LOCATIONMNTSKD,T
MAXIMO  ,LOCATIONOPSKD,T
MAXIMO  ,LOCATIONS,T
MAXIMO  ,LOCATIONSGEOHASH,T
MAXIMO  ,LOCATIONSPEC,T
MAXIMO  ,LOCATIONUSERCUST,V
MAXIMO  ,LOCATIONWORKZONE,T
MAXIMO  ,LOCAUTH,T
MAXIMO  ,LOCHIERARCHY,T
MAXIMO  ,LOCKOUT,T
MAXIMO  ,LOCLEADTIME,T
MAXIMO  ,LOCMETERREADING,T
MAXIMO  ,LOCOPER,T
MAXIMO  ,LOCSTATUS,T
MAXIMO  ,LOCSYSTEM,T
MAXIMO  ,LOGICALRELATIONSHIP,T
MAXIMO  ,LOGINBLOCK,T
MAXIMO  ,LOGINTRACKING,T
MAXIMO  ,LOGREQUEST,T
MAXIMO  ,LOGREQUESTDET,T
MAXIMO  ,LONGDESCRIPTION,T
MAXIMO  ,LRKEYS,T
MAXIMO  ,LTPATOKEN,T
MAXIMO  ,LVCMSGINFO,T
MAXIMO  ,LVCMSGINFODFLT,T
MAXIMO  ,LVCSYMBOLOGY,T
MAXIMO  ,LVCSYMBOLOGYDFLT,T
MAXIMO  ,L_ALNDOMAIN,T
MAXIMO  ,L_ASSETATTRIBUTE,T
MAXIMO  ,L_COMMTEMPLATE,T
MAXIMO  ,L_COMPANIES,T
MAXIMO  ,L_CONDITION,T
MAXIMO  ,L_COSTTYPE,T
MAXIMO  ,L_CTRLCONDPROP,T
MAXIMO  ,L_DMCOLLAPPTOOLBAR,T
MAXIMO  ,L_INSIGHT,T
MAXIMO  ,L_ITEM,T
MAXIMO  ,L_KPIMAIN,T
MAXIMO  ,L_MAPTIPMENU,T
MAXIMO  ,L_MAXAPPS,T
MAXIMO  ,L_MAXATTRCFG,T
MAXIMO  ,L_MAXATTRIBUTE,T
MAXIMO  ,L_MAXDOMAIN,T
MAXIMO  ,L_MAXINTOBJDETAIL,T
MAXIMO  ,L_MAXINTOBJECT,T
MAXIMO  ,L_MAXLABELS,T
MAXIMO  ,L_MAXLOGMSGTOOLBAR,T
MAXIMO  ,L_MAXMENU,T
MAXIMO  ,L_MAXMESSAGES,T
MAXIMO  ,L_MAXMODULES,T
MAXIMO  ,L_MAXOBJECT,T
MAXIMO  ,L_MAXOBJECTCFG,T
MAXIMO  ,L_MAXSERVICE,T
MAXIMO  ,L_MFMAILCFG,T
MAXIMO  ,L_MFMAILWF,T
MAXIMO  ,L_MFMAILWFVALCFG,T
MAXIMO  ,L_NUMERICDOMAIN,T
MAXIMO  ,L_OSLCQUERY,T
MAXIMO  ,L_OSOSLCACTION,T
MAXIMO  ,L_PALETTEITEM,T
MAXIMO  ,L_QUERY,T
MAXIMO  ,L_REPORT,T
MAXIMO  ,L_REPORTDELIVERY,T
MAXIMO  ,L_REPORTDESIGN,T
MAXIMO  ,L_REPORTDISPFMT,T
MAXIMO  ,L_REPORTEMAILFILE,T
MAXIMO  ,L_REPORTLABEL,T
MAXIMO  ,L_REPORTLOOKUP,T
MAXIMO  ,L_SIGOPTION,T
MAXIMO  ,L_SKDACTION,T
MAXIMO  ,L_SKDDATAGROUP,T
MAXIMO  ,L_SKDODMAPP,T
MAXIMO  ,L_SKDPROPERTY,T
MAXIMO  ,L_SKDRESOURCEVIEW,T
MAXIMO  ,L_SOLUTION,T
MAXIMO  ,L_SYNONYMDOMAIN,T
MAXIMO  ,L_VIEWMANAGER,T
MAXIMO  ,L_WFAPPTOOLBAR,T
MAXIMO  ,MAFAPPDATA,T
MAXIMO  ,MAFMAPPRELOADCFG,T
MAXIMO  ,MAPMANAGER,T
MAXIMO  ,MAPSITES,T
MAXIMO  ,MAPSKETCH,T
MAXIMO  ,MAPSYMBOLOGYDEFAULT,T
MAXIMO  ,MAPTIP,T
MAXIMO  ,MAPTIPDEFAULTS,T
MAXIMO  ,MAPTIPMENU,T
MAXIMO  ,MASLICAPPACCESS,T
MAXIMO  ,MASLICAPPOPTACCESS,T
MAXIMO  ,MASLICAPPOPTPROD,T
MAXIMO  ,MASLICUSAGE,T
MAXIMO  ,MASTERPM,T
MAXIMO  ,MASTERPMMETER,T
MAXIMO  ,MASTERPMSEASONS,T
MAXIMO  ,MASTERPMSEQ,T
MAXIMO  ,MASTERVIEW,V
MAXIMO  ,MATRECTRANS,T
MAXIMO  ,MATUSETRANS,T
MAXIMO  ,MAXAPPS,T
MAXIMO  ,MAXASYNCJOB,T
MAXIMO  ,MAXASYNCJOBMSG,T
MAXIMO  ,MAXASYNCJOBPARAM,T
MAXIMO  ,MAXATTRIBUTE,T
MAXIMO  ,MAXATTRIBUTECFG,T
MAXIMO  ,MAXATTRIBUTESKIPCOPY,T
MAXIMO  ,MAXCOMPONENT,T
MAXIMO  ,MAXCONDDETAIL,T
MAXIMO  ,MAXCONTROLVALUE,T
MAXIMO  ,MAXDATAPREFIX,T
MAXIMO  ,MAXDOMAIN,T
MAXIMO  ,MAXDOMAINLINK,T
MAXIMO  ,MAXDOMVALCOND,T
MAXIMO  ,MAXDYNAMICDOMLINK,T
MAXIMO  ,MAXENDPOINT,T
MAXIMO  ,MAXENDPOINTDTL,T
MAXIMO  ,MAXEXTBOOLVAL,T
MAXIMO  ,MAXEXTCTLVAL,T
MAXIMO  ,MAXEXTIFACEIN,T
MAXIMO  ,MAXEXTIFACEOUT,T
MAXIMO  ,MAXEXTLISTVAL,T
MAXIMO  ,MAXEXTOVER,T
MAXIMO  ,MAXEXTSYSCONTROL,T
MAXIMO  ,MAXEXTSYSTEM,T
MAXIMO  ,MAXEXTXREFVAL,T
MAXIMO  ,MAXGRAPHQUERYATTR,T
MAXIMO  ,MAXGRAPHRELATION,T
MAXIMO  ,MAXGRAPHRELATTR,T
MAXIMO  ,MAXGROUP,T
MAXIMO  ,MAXHANDLER,T
MAXIMO  ,MAXIFACECOND,T
MAXIMO  ,MAXIFACECONTROL,T
MAXIMO  ,MAXIFACEEXPORT,T
MAXIMO  ,MAXIFACEIN,T
MAXIMO  ,MAXIFACEINCNTL,T
MAXIMO  ,MAXIFACEINDETAIL,T
MAXIMO  ,MAXIFACEINVOKE,T
MAXIMO  ,MAXIFACEOUT,T
MAXIMO  ,MAXIFACEOUTCNTL,T
MAXIMO  ,MAXIFACEPROC,T
MAXIMO  ,MAXIFACETYPEPROP,T
MAXIMO  ,MAXIM,T
MAXIMO  ,MAXIMPROP,T
MAXIMO  ,MAXINTERACTION,T
MAXIMO  ,MAXINTERROR,T
MAXIMO  ,MAXINTERROREXTRACT,T
MAXIMO  ,MAXINTERRORMSG,T
MAXIMO  ,MAXINTLISTENER,T
MAXIMO  ,MAXINTMAPPING,T
MAXIMO  ,MAXINTMAPPINGDETAIL,T
MAXIMO  ,MAXINTMSGTRK,T
MAXIMO  ,MAXINTMSGTRKDTL,T
MAXIMO  ,MAXINTOBJALIAS,T
MAXIMO  ,MAXINTOBJAPP,T
MAXIMO  ,MAXINTOBJCOLS,T
MAXIMO  ,MAXINTOBJDETAIL,T
MAXIMO  ,MAXINTOBJECT,T
MAXIMO  ,MAXINTPOLICY,T
MAXIMO  ,MAXINTPOLICYPARAM,T
MAXIMO  ,MAXKAFKAOFFSET,T
MAXIMO  ,MAXLABELS,T
MAXIMO  ,MAXLAUNCHENTRY,T
MAXIMO  ,MAXLECONTEXT,T
MAXIMO  ,MAXLICAPPACCESS,T
MAXIMO  ,MAXLICAPPMODEXT,T
MAXIMO  ,MAXLICAPPS,T
MAXIMO  ,MAXLICAVGROUPMAP,T
MAXIMO  ,MAXLICAVOPTS,T
MAXIMO  ,MAXLICAVTYPES,T
MAXIMO  ,MAXLICCONCITVLUSAGE,T
MAXIMO  ,MAXLICENSE,T
MAXIMO  ,MAXLICINCLADDON,T
MAXIMO  ,MAXLICPRDKEYLIST,T
MAXIMO  ,MAXLICPRODAPPS,T
MAXIMO  ,MAXLICPRODLST,T
MAXIMO  ,MAXLICPRODVUE,T
MAXIMO  ,MAXLICPURCHDET,T
MAXIMO  ,MAXLICRVU,T
MAXIMO  ,MAXLICRVUUSAGE,T
MAXIMO  ,MAXLICSELFSRVAPPS,T
MAXIMO  ,MAXLICSIGFLAGLINK,T
MAXIMO  ,MAXLICSTATUS,T
MAXIMO  ,MAXLICTYPESTATUS,T
MAXIMO  ,MAXLICUSAGE,T
MAXIMO  ,MAXLICUSERASC,T
MAXIMO  ,MAXLICUSGCONCURT,T
MAXIMO  ,MAXLICUSGSMRY,T
MAXIMO  ,MAXLICUSGVAR,T
MAXIMO  ,MAXLISTOVERVAL,T
MAXIMO  ,MAXLOGAPPENDER,T
MAXIMO  ,MAXLOGGER,T
MAXIMO  ,MAXLOGMSGTOOLBAR,T
MAXIMO  ,MAXLOOKUPMAP,T
MAXIMO  ,MAXMENU,T
MAXIMO  ,MAXMESSAGES,T
MAXIMO  ,MAXMOBILESCHEMA,T
MAXIMO  ,MAXMODULES,T
MAXIMO  ,MAXOAUTHCLIENT,T
MAXIMO  ,MAXOBJECT,T
MAXIMO  ,MAXOBJECTCFG,T
MAXIMO  ,MAXPDATA,T
MAXIMO  ,MAXPRESENTATION,T
MAXIMO  ,MAXPROCCOLS,T
MAXIMO  ,MAXPROP,T
MAXIMO  ,MAXPROPINSTANCE,V
MAXIMO  ,MAXPROPVALUE,T
MAXIMO  ,MAXPUSHDEVTYPE,T
MAXIMO  ,MAXPUSHPROVIDER,T
MAXIMO  ,MAXPUSHPROVIDERDEVTYPE,T
MAXIMO  ,MAXQUEUE,T
MAXIMO  ,MAXRECORDLOCK,T
MAXIMO  ,MAXRELATIONSHIP,T
MAXIMO  ,MAXREPLACEPROC,T
MAXIMO  ,MAXROLE,T
MAXIMO  ,MAXROWSTAMP,T
MAXIMO  ,MAXSEQUENCE,T
MAXIMO  ,MAXSERVICE,T
MAXIMO  ,MAXSERVSECURITY,T
MAXIMO  ,MAXSESSION,T
MAXIMO  ,MAXSYSINDEXES,T
MAXIMO  ,MAXSYSKEYS,T
MAXIMO  ,MAXTABLE,T
MAXIMO  ,MAXTABLECFG,T
MAXIMO  ,MAXTABLEDOMAIN,T
MAXIMO  ,MAXTESTFIX,T
MAXIMO  ,MAXTHREADLOGGER,T
MAXIMO  ,MAXTHREADLOGGERDET,T
MAXIMO  ,MAXTOKEN,T
MAXIMO  ,MAXTRANSFORMPROC,T
MAXIMO  ,MAXUSER,T
MAXIMO  ,MAXUSERAPPLOG,T
MAXIMO  ,MAXUSERNPS,T
MAXIMO  ,MAXUSERSTATUS,T
MAXIMO  ,MAXUSRDBAUTHINFO,T
MAXIMO  ,MAXVARS,T
MAXIMO  ,MAXVARTYPE,T
MAXIMO  ,MAXVIEW,T
MAXIMO  ,MAXVIEWCFG,T
MAXIMO  ,MAXVIEWCOLUMN,T
MAXIMO  ,MAXVIEWCOLUMNCFG,T
MAXIMO  ,MAXWORKCENTER,T
MAXIMO  ,MAXWORKCENTERFILES,T
MAXIMO  ,MAXWSREGISTRY,T
MAXIMO  ,MAXXREFOVERVAL,T
MAXIMO  ,MEASUREMENT,T
MAXIMO  ,MEASUREPOINT,T
MAXIMO  ,MEASUREUNIT,T
MAXIMO  ,MEA_DUMMY_TABLE,T
MAXIMO  ,METER,T
MAXIMO  ,METERGROUP,T
MAXIMO  ,METERINGROUP,T
MAXIMO  ,METERREADING,T
MAXIMO  ,MFMAILCFG,T
MAXIMO  ,MFMAILST,T
MAXIMO  ,MFMAILSTCFG,T
MAXIMO  ,MFMAILSTVALCFG,T
MAXIMO  ,MFMAILTRACK,T
MAXIMO  ,MFMAILWF,T
MAXIMO  ,MFMAILWFNODECFG,T
MAXIMO  ,MFMAILWFVALCFG,T
MAXIMO  ,MOBILEDB,T
MAXIMO  ,MOBILEDBCROPAR,T
MAXIMO  ,MODAVAIL,T
MAXIMO  ,MR,T
MAXIMO  ,MRCOST,T
MAXIMO  ,MRLINE,T
MAXIMO  ,MRSTATUS,T
MAXIMO  ,MSGHUBPROVIDER,T
MAXIMO  ,MSGHUBPROVIDERCFG,T
MAXIMO  ,MSGHUBPROVIDERTYPE,T
MAXIMO  ,MULTIASSETLOCCI,T
MAXIMO  ,MULTIASSETLOCCIPR,T
MAXIMO  ,MXCOLLAB,T
MAXIMO  ,MXCOLLABREF,T
MAXIMO  ,MXIN_INTER_TRANS,T
MAXIMO  ,MXODMAPP,T
MAXIMO  ,MXODMAPPPKG,T
MAXIMO  ,MXOUT_INTER_TRANS,T
MAXIMO  ,MXTOUR,T
MAXIMO  ,NAMEDUSERS,T
MAXIMO  ,NETDEVICE,V
MAXIMO  ,NETPRINTER,V
MAXIMO  ,NONWORKTIME,T
MAXIMO  ,NOTFMSGTEMPLATE,T
MAXIMO  ,NUMERICDOMAIN,T
MAXIMO  ,NUMRANGEDOMAIN,T
MAXIMO  ,OBJECTAPPAUTH,T
MAXIMO  ,OBJECTFORMULA,T
MAXIMO  ,OBJECTFORMULACOND,T
MAXIMO  ,OC_DLG_SONDA_MATERIAL,T
MAXIMO  ,OMP,T
MAXIMO  ,OMPCIRLN,T
MAXIMO  ,OMPIMLMORLN,T
MAXIMO  ,OMPIMRLN,T
MAXIMO  ,OOG_ABOWNERHIST,T
MAXIMO  ,OOG_ALERT,T
MAXIMO  ,OOG_ALERTLABOR,T
MAXIMO  ,OOG_ALERTMATERIAL,T
MAXIMO  ,OOG_ALERTMULTASSETLOC,T
MAXIMO  ,OOG_ALERTSERVICE,T
MAXIMO  ,OOG_ALERTSTATUS,T
MAXIMO  ,OOG_ALERTTASK,T
MAXIMO  ,OOG_ASSETCOUNTER,T
MAXIMO  ,OOG_ATT_DL_IN_IFACE,T
MAXIMO  ,OOG_BACKLOADLINE,T
MAXIMO  ,OOG_CARGOMAN,T
MAXIMO  ,OOG_CARGOMANLINE,T
MAXIMO  ,OOG_CMBSTATUS,T
MAXIMO  ,OOG_CMDISCREPANCY,T
MAXIMO  ,OOG_CMLINE,T
MAXIMO  ,OOG_COMP_CTRL,T
MAXIMO  ,OOG_CONJUNTOITENS,T
MAXIMO  ,OOG_CONTRACTAUTH,T
MAXIMO  ,OOG_COTACAO,T
MAXIMO  ,OOG_CRITERIAAUDIT,T
MAXIMO  ,OOG_CUSTOS,T
MAXIMO  ,OOG_DISCREPANCY,T
MAXIMO  ,OOG_DISCREPANCYHEADER,T
MAXIMO  ,OOG_DLK_DLG_IFACE,T
MAXIMO  ,OOG_DLK_IA_IFACE,T
MAXIMO  ,OOG_DLK_KLASSMAT_IFACE,T
MAXIMO  ,OOG_DL_SPARE_AST_,T
MAXIMO  ,OOG_DL_SPARE_TMPL,T
MAXIMO  ,OOG_DOCRELATED,T
MAXIMO  ,OOG_DRAKE,T
MAXIMO  ,OOG_FMECATEAM,T
MAXIMO  ,OOG_GROUPTEAM,T
MAXIMO  ,OOG_INVENTORY_CURBAL,V
MAXIMO  ,OOG_ITENS_WO,T
MAXIMO  ,OOG_JOBCLASSXTYPE,T
MAXIMO  ,OOG_MANIFEST,T
MAXIMO  ,OOG_MANIFESTBACKLOAD,T
MAXIMO  ,OOG_MEETWORKTEAM,T
MAXIMO  ,OOG_MEMOSTATUSLOG,T
MAXIMO  ,OOG_MOCDETAIL,T
MAXIMO  ,OOG_MOCQUESTIONS,T
MAXIMO  ,OOG_ORAIMP_PO,V
MAXIMO  ,OOG_ORAIMP_PO_PL,V
MAXIMO  ,OOG_ORGEXP,T
MAXIMO  ,OOG_PERSONGROUPTEAM,T
MAXIMO  ,OOG_PM_DL_IN_IFACE,T
MAXIMO  ,OOG_PO_SUM_ITEM,V
MAXIMO  ,OOG_PRLINE_TEMP,T
MAXIMO  ,OOG_PROPOSAL,T
MAXIMO  ,OOG_PRTRKMXPR,T
MAXIMO  ,OOG_PRTRKOACM,T
MAXIMO  ,OOG_PRTRKOAIMP,T
MAXIMO  ,OOG_PRTRKOAINV,T
MAXIMO  ,OOG_PRTRKOAPO,T
MAXIMO  ,OOG_PRTRKOAPOCLONE,T
MAXIMO  ,OOG_PRTRKOAPR,T
MAXIMO  ,OOG_PRTRKOARECEIPT,T
MAXIMO  ,OOG_PRTRKOARFQ,T
MAXIMO  ,OOG_PR_SUM_ITEM,V
MAXIMO  ,OOG_PTVIEWER,T
MAXIMO  ,OOG_PTWRELATEDRISKS,T
MAXIMO  ,OOG_QUADRAKE,T
MAXIMO  ,OOG_RELATEDRECORD,T
MAXIMO  ,OOG_RES_AB,T
MAXIMO  ,OOG_ROT_DL_IN_IFACE,T
MAXIMO  ,OOG_RSK_PNL_ALERTS,T
MAXIMO  ,OOG_RSK_PNL_CLASSIFICATIONS,T
MAXIMO  ,OOG_RSK_PNL_ENRGY,T
MAXIMO  ,OOG_RSK_PNL_MITIGATIONS,T
MAXIMO  ,OOG_SIMOOPS,T
MAXIMO  ,OOG_SITUATION,T
MAXIMO  ,OOG_SV_LINE,T
MAXIMO  ,OOG_TEMPLATE_SITE,T
MAXIMO  ,OOG_TPEXP,T
MAXIMO  ,OOG_TRAINING,T
MAXIMO  ,OOG_TRAJETO,T
MAXIMO  ,OOG_TUTOR,T
MAXIMO  ,OOG_TUTOR_CHECKLIST,T
MAXIMO  ,OOG_TUTOR_HISTORY,T
MAXIMO  ,OOG_VIEW_INV_DETAILS,V
MAXIMO  ,OOG_VW_INVENTORY_INFO,V
MAXIMO  ,OOG_WORKTYPE,T
MAXIMO  ,ORGANIZATION,T
MAXIMO  ,ORGFILTER,V
MAXIMO  ,OSACCESSLOG,T
MAXIMO  ,OSEVENT,T
MAXIMO  ,OSEVENTCONDITION,T
MAXIMO  ,OSLCBUSRES,T
MAXIMO  ,OSLCCOMMONPROPS,T
MAXIMO  ,OSLCDOMAIN,T
MAXIMO  ,OSLCERRORMAP,T
MAXIMO  ,OSLCEXTMEDIATYPE,T
MAXIMO  ,OSLCINTERACTION,T
MAXIMO  ,OSLCINTGROUP,T
MAXIMO  ,OSLCINTGRPAPPMENU,T
MAXIMO  ,OSLCINTGRPAPPS,T
MAXIMO  ,OSLCINTGRPMEMBERS,T
MAXIMO  ,OSLCINTQUERY,T
MAXIMO  ,OSLCINTQUERYPARAMS,T
MAXIMO  ,OSLCLINK,T
MAXIMO  ,OSLCNSPREFIX,T
MAXIMO  ,OSLCPREFILLMAP,T
MAXIMO  ,OSLCPROVIDER,T
MAXIMO  ,OSLCQUERY,T
MAXIMO  ,OSLCRESOURCE,T
MAXIMO  ,OSLCRESOURCEDETAIL,T
MAXIMO  ,OSLCRESOURCETYPES,T
MAXIMO  ,OSLCSPDEFN,T
MAXIMO  ,OSLCTRANSACTION,T
MAXIMO  ,OSOSLCACTION,T
MAXIMO  ,OSOSLCMAP,T
MAXIMO  ,OSRECORDTOUCHLOG,T
MAXIMO  ,OSUSED,T
MAXIMO  ,OSUSERNOTIFICATION,T
MAXIMO  ,OSUSERSUBSCRIPTION,T
MAXIMO  ,PALETTEITEM,T
MAXIMO  ,PASSWORDHISTORY,T
MAXIMO  ,PDSPEC,T
MAXIMO  ,PERSCOMMODITY,T
MAXIMO  ,PERSON,T
MAXIMO  ,PERSONANCESTOR,T
MAXIMO  ,PERSONCAL,T
MAXIMO  ,PERSONDEFAULTAPP,T
MAXIMO  ,PERSONGROUP,T
MAXIMO  ,PERSONGROUPTEAM,T
MAXIMO  ,PERSONGROUPVIEW,V
MAXIMO  ,PERSONSTATUS,T
MAXIMO  ,PHONE,T
MAXIMO  ,PLUSCASSETSTATUS,T
MAXIMO  ,PLUSCDSASSETLINK,T
MAXIMO  ,PLUSCDSCONFIG,T
MAXIMO  ,PLUSCDSINSTR,T
MAXIMO  ,PLUSCDSPOINT,T
MAXIMO  ,PLUSCDSSTATUS,T
MAXIMO  ,PLUSCJPDATASHEET,T
MAXIMO  ,PLUSCJPSTATUS,T
MAXIMO  ,PLUSCPMEXTDATE,T
MAXIMO  ,PLUSCSPOTCHECK,T
MAXIMO  ,PLUSCTEMPLATE,T
MAXIMO  ,PLUSCTPASSET,T
MAXIMO  ,PLUSCTPDATASHEET,T
MAXIMO  ,PLUSCTPHISTORY,T
MAXIMO  ,PLUSCTPMASTERPM,T
MAXIMO  ,PLUSCTPMETER,T
MAXIMO  ,PLUSCTPSPAREPART,T
MAXIMO  ,PLUSCTPSPEC,T
MAXIMO  ,PLUSCWODS,T
MAXIMO  ,PLUSCWODSINSTR,T
MAXIMO  ,PLUSCWODSPOINT,T
MAXIMO  ,PLUSDSPLAN,T
MAXIMO  ,PLUSGACCESSPERMIT,V
MAXIMO  ,PLUSGACSPERACC,V
MAXIMO  ,PLUSGACSPERCTRSIGN,V
MAXIMO  ,PLUSGACSPERISS,V
MAXIMO  ,PLUSGACSPERLOCS,V
MAXIMO  ,PLUSGACSPERMULTISITECHK,V
MAXIMO  ,PLUSGACSPERPROC,T
MAXIMO  ,PLUSGACSPERREVACT,V
MAXIMO  ,PLUSGACSPERSON,T
MAXIMO  ,PLUSGACSPERSTDACT,V
MAXIMO  ,PLUSGACSPERTRAIN,T
MAXIMO  ,PLUSGACT,V
MAXIMO  ,PLUSGACTBENEFIT,T
MAXIMO  ,PLUSGACTSTDACT,T
MAXIMO  ,PLUSGASSCALCULATE,T
MAXIMO  ,PLUSGASSETAUDIT,T
MAXIMO  ,PLUSGASSETCERT,T
MAXIMO  ,PLUSGASSETREG,T
MAXIMO  ,PLUSGASSFAILUREMODE,T
MAXIMO  ,PLUSGASSREVACT,T
MAXIMO  ,PLUSGASSREVITEM,T
MAXIMO  ,PLUSGAUDFIND,T
MAXIMO  ,PLUSGAUDIT,T
MAXIMO  ,PLUSGAUDITSTATUS,T
MAXIMO  ,PLUSGAUDLINE,T
MAXIMO  ,PLUSGAUDTEAM,T
MAXIMO  ,PLUSGBENEFIT,T
MAXIMO  ,PLUSGBYP,V
MAXIMO  ,PLUSGBYPAPPR,T
MAXIMO  ,PLUSGBYPREV,T
MAXIMO  ,PLUSGBYPREVACT,T
MAXIMO  ,PLUSGBYPREVITEM,T
MAXIMO  ,PLUSGBYPSTDACT,T
MAXIMO  ,PLUSGCERT,T
MAXIMO  ,PLUSGCERTAPPR,T
MAXIMO  ,PLUSGCERTCONSENT,T
MAXIMO  ,PLUSGCERTEXTEND,T
MAXIMO  ,PLUSGCERTLOCS,T
MAXIMO  ,PLUSGCERTREAD,T
MAXIMO  ,PLUSGCERTREV,T
MAXIMO  ,PLUSGCERTREVACT,T
MAXIMO  ,PLUSGCERTREVITEM,T
MAXIMO  ,PLUSGCERTSTATUS,T
MAXIMO  ,PLUSGCERTSTDACT,T
MAXIMO  ,PLUSGCFW,T
MAXIMO  ,PLUSGCONSQ,T
MAXIMO  ,PLUSGCONSQSTATUS,T
MAXIMO  ,PLUSGCPREVIEW,T
MAXIMO  ,PLUSGCRAFTCOURSE,T
MAXIMO  ,PLUSGDRL,V
MAXIMO  ,PLUSGHAZRISK,T
MAXIMO  ,PLUSGHAZRISKPREC,T
MAXIMO  ,PLUSGHFRESULTS,T
MAXIMO  ,PLUSGHUMANFACTORS,T
MAXIMO  ,PLUSGIMPROVE,V
MAXIMO  ,PLUSGINCEVENT,T
MAXIMO  ,PLUSGINCEVENTSPEC,T
MAXIMO  ,PLUSGINCEVTSTATUS,T
MAXIMO  ,PLUSGINCPERSON,T
MAXIMO  ,PLUSGINJORILL,T
MAXIMO  ,PLUSGINVCAUSEAN,T
MAXIMO  ,PLUSGINVFMECA,T
MAXIMO  ,PLUSGINVREVACT,T
MAXIMO  ,PLUSGINVREVITEM,T
MAXIMO  ,PLUSGISOLATION,V
MAXIMO  ,PLUSGITEMCERT,T
MAXIMO  ,PLUSGITEMREG,T
MAXIMO  ,PLUSGJOBPLANREG,T
MAXIMO  ,PLUSGJPPERTYPE,T
MAXIMO  ,PLUSGJPREVACT,T
MAXIMO  ,PLUSGJPSTDACT,T
MAXIMO  ,PLUSGJPSUPRISKASSESS,T
MAXIMO  ,PLUSGJPTESTRES,T
MAXIMO  ,PLUSGLISTIMPBEN,T
MAXIMO  ,PLUSGLISTTEAM,T
MAXIMO  ,PLUSGLOCAUDIT,T
MAXIMO  ,PLUSGLOCCALCULATE,T
MAXIMO  ,PLUSGLOCCERT,T
MAXIMO  ,PLUSGLOCFAILUREMODE,T
MAXIMO  ,PLUSGLOCKBOXSTATUS,T
MAXIMO  ,PLUSGLOCKDETAIL,T
MAXIMO  ,PLUSGLOCKDETAILINUSE,T
MAXIMO  ,PLUSGLOCLOCKSTATE,T
MAXIMO  ,PLUSGLOCPROF,T
MAXIMO  ,PLUSGLOCPROFSTATUS,T
MAXIMO  ,PLUSGLOCREG,T
MAXIMO  ,PLUSGLOCREVACT,T
MAXIMO  ,PLUSGLOCREVITEM,T
MAXIMO  ,PLUSGLOGBOOK,T
MAXIMO  ,PLUSGLOGBOOKSTATUS,T
MAXIMO  ,PLUSGLPROFPOB,T
MAXIMO  ,PLUSGLPROFPROD,T
MAXIMO  ,PLUSGLPROFWPRD,T
MAXIMO  ,PLUSGLSTATTENDEE,T
MAXIMO  ,PLUSGMASTERLOCKBOX,T
MAXIMO  ,PLUSGMATRIXLIST,T
MAXIMO  ,PLUSGMITEMPARTCODE,T
MAXIMO  ,PLUSGMOC,V
MAXIMO  ,PLUSGMOCAPPRLIST,T
MAXIMO  ,PLUSGMOCAUTHLIST,T
MAXIMO  ,PLUSGMOCCLOSURELIST,T
MAXIMO  ,PLUSGMOCCOSPER,T
MAXIMO  ,PLUSGMOCCOURSE,T
MAXIMO  ,PLUSGMOCPOSTLIST,T
MAXIMO  ,PLUSGMOCPRELIST,T
MAXIMO  ,PLUSGMOCREQUEST,V
MAXIMO  ,PLUSGMOCREVACT,T
MAXIMO  ,PLUSGMOCREVITEM,T
MAXIMO  ,PLUSGMOCRVLST,T
MAXIMO  ,PLUSGOPACTREVITEM,T
MAXIMO  ,PLUSGOPERACTION,T
MAXIMO  ,PLUSGOPERROUND,T
MAXIMO  ,PLUSGOUTCOME,T
MAXIMO  ,PLUSGOWNERHISTORY,T
MAXIMO  ,PLUSGPERCOURSESTATUS,T
MAXIMO  ,PLUSGPERMITWORK,T
MAXIMO  ,PLUSGPERSONAREAS,T
MAXIMO  ,PLUSGPERSONCERT,T
MAXIMO  ,PLUSGPERSONCOURSE,T
MAXIMO  ,PLUSGPERTYPE,T
MAXIMO  ,PLUSGPERTYPECOURSE,T
MAXIMO  ,PLUSGPERTYPESTAT,T
MAXIMO  ,PLUSGPERWORKACC,T
MAXIMO  ,PLUSGPERWORKAPPR,T
MAXIMO  ,PLUSGPERWORKCFW,T
MAXIMO  ,PLUSGPERWORKCTRSIGN,T
MAXIMO  ,PLUSGPERWORKEMGACT,T
MAXIMO  ,PLUSGPERWORKEXT,T
MAXIMO  ,PLUSGPERWORKGASTEST,T
MAXIMO  ,PLUSGPERWORKHAZMAT,T
MAXIMO  ,PLUSGPERWORKHAZREV,T
MAXIMO  ,PLUSGPERWORKISS,T
MAXIMO  ,PLUSGPERWORKLOCS,T
MAXIMO  ,PLUSGPERWORKMULTISITECHK,T
MAXIMO  ,PLUSGPERWORKPROC,T
MAXIMO  ,PLUSGPERWORKREV,T
MAXIMO  ,PLUSGPERWORKREVACT,T
MAXIMO  ,PLUSGPERWORKREVITEM,T
MAXIMO  ,PLUSGPERWORKRSKREV,T
MAXIMO  ,PLUSGPERWORKSTATUS,T
MAXIMO  ,PLUSGPERWORKSTDACT,T
MAXIMO  ,PLUSGPERWORKWRKPT,T
MAXIMO  ,PLUSGPMREG,T
MAXIMO  ,PLUSGPOITEMCERT,T
MAXIMO  ,PLUSGPOLICY,T
MAXIMO  ,PLUSGPOLICYESTBY,T
MAXIMO  ,PLUSGPOLICYHIST,T
MAXIMO  ,PLUSGPOLICYSPEC,T
MAXIMO  ,PLUSGPOLICYSTATUS,T
MAXIMO  ,PLUSGPRITEMCERT,T
MAXIMO  ,PLUSGPROCEDURE,T
MAXIMO  ,PLUSGPROCLINE,T
MAXIMO  ,PLUSGPROCSTATUS,T
MAXIMO  ,PLUSGPTWLCKTG,T
MAXIMO  ,PLUSGPTWLCKTGOP,T
MAXIMO  ,PLUSGRCFARESULTS,T
MAXIMO  ,PLUSGREGSPEC,T
MAXIMO  ,PLUSGREGSTAT,T
MAXIMO  ,PLUSGREGULATION,T
MAXIMO  ,PLUSGRELATEDREC,T
MAXIMO  ,PLUSGRFW,T
MAXIMO  ,PLUSGRISKAPPR,T
MAXIMO  ,PLUSGRISKASSESS,T
MAXIMO  ,PLUSGRISKLIST,T
MAXIMO  ,PLUSGRISKREV,T
MAXIMO  ,PLUSGRISKREVACT,T
MAXIMO  ,PLUSGRISKREVITEM,T
MAXIMO  ,PLUSGRISKSPEC,T
MAXIMO  ,PLUSGRISKSTATUS,T
MAXIMO  ,PLUSGRISKSTDACT,T
MAXIMO  ,PLUSGRISKTEAM,T
MAXIMO  ,PLUSGRUNLOG,V
MAXIMO  ,PLUSGSANTESTHIST,T
MAXIMO  ,PLUSGSEQOFEVENTS,T
MAXIMO  ,PLUSGSHFTLGHDOVREV,T
MAXIMO  ,PLUSGSHFTLOGENTRY,T
MAXIMO  ,PLUSGSHIFTIMPACT,T
MAXIMO  ,PLUSGSHIFTLOG,T
MAXIMO  ,PLUSGSHIFTTEAM,T
MAXIMO  ,PLUSGSHLGENTRYREV,T
MAXIMO  ,PLUSGSHLOGSPEC,T
MAXIMO  ,PLUSGSHLOGSTATUS,T
MAXIMO  ,PLUSGSHLOGTEMPLATE,T
MAXIMO  ,PLUSGSHTEAMTEMPLATE,T
MAXIMO  ,PLUSGSOLNBENLIST,T
MAXIMO  ,PLUSGSOLUTIONLST,T
MAXIMO  ,PLUSGSPEC,T
MAXIMO  ,PLUSGSTACGRPSTATUS,T
MAXIMO  ,PLUSGSTDACT,T
MAXIMO  ,PLUSGSTDACTGRP,T
MAXIMO  ,PLUSGSTDACTGRPLIST,T
MAXIMO  ,PLUSGSTDACTINGRP,T
MAXIMO  ,PLUSGSTDACTREVIT,T
MAXIMO  ,PLUSGSTDACTSTATUS,T
MAXIMO  ,PLUSGSTRUCRCARESULT,T
MAXIMO  ,PLUSGSTRUCRCAVALUE,T
MAXIMO  ,PLUSGSTRUCTUREDRCA,T
MAXIMO  ,PLUSGTRAINING,T
MAXIMO  ,PLUSGTRAININGSTATUS,T
MAXIMO  ,PLUSGTRAINMODULE,T
MAXIMO  ,PLUSGTRAINMODULEPRE,T
MAXIMO  ,PLUSGTRAINSESSION,T
MAXIMO  ,PLUSGTRAINSESSSTATUS,T
MAXIMO  ,PLUSGTRAINTRAINEE,T
MAXIMO  ,PLUSGWOASSET,T
MAXIMO  ,PLUSGWOPERTYPE,T
MAXIMO  ,PLUSGWOPERTYPEPTW,T
MAXIMO  ,PLUSGWOREG,T
MAXIMO  ,PLUSGWOREVACT,T
MAXIMO  ,PLUSGWOREVITEM,T
MAXIMO  ,PLUSGWOSTDACT,T
MAXIMO  ,PLUSGWOSUPRISKASSESS,T
MAXIMO  ,PLUSGWOTESTRES,T
MAXIMO  ,PLUSGWPMATCERT,T
MAXIMO  ,PLUSG_AS_AUX1,T
MAXIMO  ,PLUSG_AS_AUX2,T
MAXIMO  ,PLUSG_AS_AUX3,T
MAXIMO  ,PLUSG_AS_AUX4,T
MAXIMO  ,PLUSG_AS_AUX5,T
MAXIMO  ,PLUSG_AS_AUX6,T
MAXIMO  ,PLUSG_FC_AUX1,T
MAXIMO  ,PM,T
MAXIMO  ,PMANCESTOR,T
MAXIMO  ,PMFORECAST,T
MAXIMO  ,PMFORECASTJP,T
MAXIMO  ,PMFORECASTLABOR,T
MAXIMO  ,PMFORECASTMATERIAL,T
MAXIMO  ,PMFORECASTSERVICE,T
MAXIMO  ,PMFORECASTTOOL,T
MAXIMO  ,PMMETER,T
MAXIMO  ,PMSEASONS,T
MAXIMO  ,PMSEQUENCE,T
MAXIMO  ,PO,T
MAXIMO  ,POCOST,T
MAXIMO  ,POECOMSTATUS,T
MAXIMO  ,POINTWO,T
MAXIMO  ,POLINE,T
MAXIMO  ,PORTLET,T
MAXIMO  ,PORTLETDISPLAY,T
MAXIMO  ,POSTATUS,T
MAXIMO  ,POTERM,T
MAXIMO  ,PPCRAFTRATE,T
MAXIMO  ,PPLABORRATE,T
MAXIMO  ,PR,T
MAXIMO  ,PRCOST,T
MAXIMO  ,PRECAUTION,T
MAXIMO  ,PREMIUMPAY,T
MAXIMO  ,PRICALC,T
MAXIMO  ,PRLINE,T
MAXIMO  ,PROBLEM,V
MAXIMO  ,PROCOBJ,T
MAXIMO  ,PROCRULE,T
MAXIMO  ,PRODUCTUPDATE,T
MAXIMO  ,PROPERTYASSOC,T
MAXIMO  ,PROPERTYDEFAULT,T
MAXIMO  ,PRSTATUS,T
MAXIMO  ,PRTERM,T
MAXIMO  ,PURCHVIEW,V
MAXIMO  ,QUALCRAFTSKILL,T
MAXIMO  ,QUALIFICATION,T
MAXIMO  ,QUALSTATUS,T
MAXIMO  ,QUERY,T
MAXIMO  ,QUERYRECORDSTATE,T
MAXIMO  ,QUERYTEMPLATE,T
MAXIMO  ,QUERYTEMPLATEATTR,T
MAXIMO  ,QUOTATIONLINE,T
MAXIMO  ,RECONASSETLINK,V
MAXIMO  ,RECONASSETRESULT,V
MAXIMO  ,RECONATTRCLAUSE,V
MAXIMO  ,RECONCILINK,V
MAXIMO  ,RECONCIRESULT,V
MAXIMO  ,RECONCOMPFILTER,T
MAXIMO  ,RECONCOMPFLTRAST,V
MAXIMO  ,RECONCOMPFLTRDPA,V
MAXIMO  ,RECONCOMPRULE,V
MAXIMO  ,RECONLINK,T
MAXIMO  ,RECONLINKCLAUSE,V
MAXIMO  ,RECONLINKRULE,V
MAXIMO  ,RECONMULTILINK,T
MAXIMO  ,RECONRCDCLAUSE,V
MAXIMO  ,RECONRESULT,T
MAXIMO  ,RECONRULE,T
MAXIMO  ,RECONRULECLAUSE,T
MAXIMO  ,RECONTASK,T
MAXIMO  ,RECONTASKCOMP,T
MAXIMO  ,RECONTASKFILTER,T
MAXIMO  ,RECONTASKFLTRVAL,T
MAXIMO  ,RECONTASKLINK,T
MAXIMO  ,RECORDTIMEZONE,T
MAXIMO  ,RELATEDAPPAUTH,T
MAXIMO  ,RELATEDRECORD,T
MAXIMO  ,RELATEDSLA,T
MAXIMO  ,RELATEDWORKCENTER,T
MAXIMO  ,RELATION,T
MAXIMO  ,RELATIONRULES,T
MAXIMO  ,RELATIONRULESEXT,T
MAXIMO  ,REORDERMUTEX,T
MAXIMO  ,REORDERPAD,T
MAXIMO  ,REPFACAUTH,T
MAXIMO  ,REPORT,T
MAXIMO  ,REPORTADHOC,T
MAXIMO  ,REPORTADHOCCALC,T
MAXIMO  ,REPORTADHOCFIELD,T
MAXIMO  ,REPORTADHOCSUM,T
MAXIMO  ,REPORTAPPAUTH,T
MAXIMO  ,REPORTATTACHDOCS,T
MAXIMO  ,REPORTATTACHUNCPATH,T
MAXIMO  ,REPORTAUTH,T
MAXIMO  ,REPORTBROS,T
MAXIMO  ,REPORTBROSDPURL,T
MAXIMO  ,REPORTBROSPARAM,T
MAXIMO  ,REPORTDELIVERY,T
MAXIMO  ,REPORTDEPEND,T
MAXIMO  ,REPORTDESIGN,T
MAXIMO  ,REPORTDISPFMT,T
MAXIMO  ,REPORTDS,T
MAXIMO  ,REPORTDSPARAM,T
MAXIMO  ,REPORTEMAILFILE,T
MAXIMO  ,REPORTEXPVALUE,T
MAXIMO  ,REPORTFILEEXPORT,T
MAXIMO  ,REPORTHYPERLINKQUERYURL,T
MAXIMO  ,REPORTJOB,T
MAXIMO  ,REPORTLABEL,T
MAXIMO  ,REPORTLISTCFG,T
MAXIMO  ,REPORTLOOKUP,T
MAXIMO  ,REPORTOSAUTH,T
MAXIMO  ,REPORTOUTPUT,T
MAXIMO  ,REPORTOUTPUTAUTH,T
MAXIMO  ,REPORTOUTPUTCNT,T
MAXIMO  ,REPORTPARAM,T
MAXIMO  ,REPORTPROCRESERVE,T
MAXIMO  ,REPORTPROCSCHED,T
MAXIMO  ,REPORTRUNLOCK,T
MAXIMO  ,REPORTRUNPARAM,T
MAXIMO  ,REPORTRUNQUEUE,T
MAXIMO  ,REPORTSCHED,T
MAXIMO  ,REPORTSECATTKEY,T
MAXIMO  ,REPORTUSAGELOG,T
MAXIMO  ,REPORTWHERE,T
MAXIMO  ,REQUESTLOG,T
MAXIMO  ,RESOURCEBYLEVEL,T
MAXIMO  ,RESOURCELEVELS,T
MAXIMO  ,RESTSYSACTION,T
MAXIMO  ,RESULTSETCOLS,T
MAXIMO  ,RFQ,T
MAXIMO  ,RFQLINE,T
MAXIMO  ,RFQSTATUS,T
MAXIMO  ,RFQTERM,T
MAXIMO  ,RFQVENDOR,T
MAXIMO  ,RFQVENDORTERM,T
MAXIMO  ,ROUTES,T
MAXIMO  ,ROUTE_STOP,T
MAXIMO  ,RSCONFIG,T
MAXIMO  ,SAFETYLEXICON,T
MAXIMO  ,SAFETYPLAN,T
MAXIMO  ,SAGEOHASH,T
MAXIMO  ,SCCONFIG,T
MAXIMO  ,SCHEDULE,T
MAXIMO  ,SCHEDULELINE,T
MAXIMO  ,SCHLEASEVIEW,V
MAXIMO  ,SCHPURCHVIEW,V
MAXIMO  ,SCHTOOLTIP,T
MAXIMO  ,SCHWARRANTYVIEW,V
MAXIMO  ,SCRIPTLAUNCHPOINT,T
MAXIMO  ,SCTEMPLATE,T
MAXIMO  ,SECURITYRESTRICT,T
MAXIMO  ,SERVERSESSION,T
MAXIMO  ,SERVICEADDRESS,T
MAXIMO  ,SERVICEITEMS,V
MAXIMO  ,SERVICEOBJECT,V
MAXIMO  ,SERVRECTRANS,T
MAXIMO  ,SETS,T
MAXIMO  ,SFWLICENSE,T
MAXIMO  ,SFWLINE,T
MAXIMO  ,SFWVIEW,V
MAXIMO  ,SFWVIEWLINE,V
MAXIMO  ,SHIFT,T
MAXIMO  ,SHIFTPATTERNDAY,T
MAXIMO  ,SHIPMENT,T
MAXIMO  ,SHIPMENTLINE,T
MAXIMO  ,SIGOPTFLAG,T
MAXIMO  ,SIGOPTION,T
MAXIMO  ,SITE,T
MAXIMO  ,SITEAUTH,T
MAXIMO  ,SITEECOM,T
MAXIMO  ,SITEFILTER,V
MAXIMO  ,SKDACTION,T
MAXIMO  ,SKDACTIVITY,T
MAXIMO  ,SKDACTIVITYQBE,T
MAXIMO  ,SKDAPPLETEXT,T
MAXIMO  ,SKDASSETLOCQUERY,T
MAXIMO  ,SKDCAPACITYPLANPARAM,T
MAXIMO  ,SKDCOMPLIANCE,T
MAXIMO  ,SKDCOMPLIANCEWOLIST,T
MAXIMO  ,SKDCONSTRAINT,T
MAXIMO  ,SKDCOST,T
MAXIMO  ,SKDCOSTTEMP,T
MAXIMO  ,SKDDATAGROUP,T
MAXIMO  ,SKDDATAVALMSG,T
MAXIMO  ,SKDDATAVALOPTION,T
MAXIMO  ,SKDDATAVALRESULT,T
MAXIMO  ,SKDEMAVAILRES,T
MAXIMO  ,SKDEXTRACAPACITY,T
MAXIMO  ,SKDEXTRACAPCRAFTVIEW,V
MAXIMO  ,SKDEXTRACAPCREWVIEW,V
MAXIMO  ,SKDEXTRACAPTOOLVIEW,V
MAXIMO  ,SKDGVPREF,T
MAXIMO  ,SKDLABORHRS,T
MAXIMO  ,SKDLABORHRSTEMP,T
MAXIMO  ,SKDLABORMODPARAM,T
MAXIMO  ,SKDOBJECT,T
MAXIMO  ,SKDOBJECTMGR,T
MAXIMO  ,SKDODMAPP,T
MAXIMO  ,SKDODMAPPQUERY,T
MAXIMO  ,SKDODMECONFLICTMESSAGE,T
MAXIMO  ,SKDODMECONSTRAINTINFO,T
MAXIMO  ,SKDODMEMSG,T
MAXIMO  ,SKDODMERESOURCESUMMARY,T
MAXIMO  ,SKDODMERUN,T
MAXIMO  ,SKDODMEUNSCHEDULEDTASK,T
MAXIMO  ,SKDOPASCPSALERT,T
MAXIMO  ,SKDOPASCPSCONFLICT,T
MAXIMO  ,SKDOPASCPSKPI,T
MAXIMO  ,SKDOPASCPSPARAM,T
MAXIMO  ,SKDOPASCPSSTATUS,T
MAXIMO  ,SKDOPTPARAM,T
MAXIMO  ,SKDORIGINDESTMATRIX,T
MAXIMO  ,SKDOVERRIDEAVAIL,T
MAXIMO  ,SKDPMFOCOST,T
MAXIMO  ,SKDPMFOCOSTTEMP,T
MAXIMO  ,SKDPMFORECAST,T
MAXIMO  ,SKDPMFORECASTJP,T
MAXIMO  ,SKDPROJECT,T
MAXIMO  ,SKDPROJECTASSTS,T
MAXIMO  ,SKDPROJECTEMWO,T
MAXIMO  ,SKDPROJECTOBJ,T
MAXIMO  ,SKDPROJECTPUBLISH,T
MAXIMO  ,SKDPROJECTSCENARIO,T
MAXIMO  ,SKDPROJECTSHIFTS,T
MAXIMO  ,SKDPROJECTSTATUS,T
MAXIMO  ,SKDPROPERTY,T
MAXIMO  ,SKDPROPERTYMAP,T
MAXIMO  ,SKDQUERY,T
MAXIMO  ,SKDRESERVATION,T
MAXIMO  ,SKDRESLEVELPARAM,T
MAXIMO  ,SKDRESOBJECT,T
MAXIMO  ,SKDRESOURCE,T
MAXIMO  ,SKDRESOURCEUSE,T
MAXIMO  ,SKDRESOURCEVIEW,T
MAXIMO  ,SKDSCENRUNKPI,T
MAXIMO  ,SKDSCENRUNKPIDEF,T
MAXIMO  ,SKDSPATIALPARAM,T
MAXIMO  ,SKDSTATE,T
MAXIMO  ,SKDTEMPLATES,T
MAXIMO  ,SKDUSAGE,T
MAXIMO  ,SKDUSERPROP,T
MAXIMO  ,SKDWOBREAKINOUT,T
MAXIMO  ,SKDWORKPLANEXTCAP,T
MAXIMO  ,SLA,T
MAXIMO  ,SLAASSETLOC,T
MAXIMO  ,SLACOMMITMENTS,T
MAXIMO  ,SLACONTRACT,T
MAXIMO  ,SLAKPI,T
MAXIMO  ,SLARECORDS,T
MAXIMO  ,SLROUTE,T
MAXIMO  ,SLRTRAVELTIME,T
MAXIMO  ,SMS,T
MAXIMO  ,SOLUTION,T
MAXIMO  ,SOLUTIONSPEC,T
MAXIMO  ,SOLUTIONSTATUS,T
MAXIMO  ,SPAREPART,T
MAXIMO  ,SPLEXICONLINK,T
MAXIMO  ,SPRELATEDASSET,T
MAXIMO  ,SPWORKASSET,T
MAXIMO  ,SR,V
MAXIMO  ,STATEMANAGER,T
MAXIMO  ,STOREROOMANCESTOR,T
MAXIMO  ,SYNONYMDOMAIN,T
MAXIMO  ,TABLEEXTTPLT,T
MAXIMO  ,TAGLOCK,T
MAXIMO  ,TAGOUT,T
MAXIMO  ,TAMITDPAHWM,T
MAXIMO  ,TAMITSWPRTNUM,T
MAXIMO  ,TASKSCHEDULER,T
MAXIMO  ,TAX,T
MAXIMO  ,TAXORDER,T
MAXIMO  ,TAXTYPE,T
MAXIMO  ,TDTVERSION,T
MAXIMO  ,TEMPLATESTATUS,T
MAXIMO  ,TERM,T
MAXIMO  ,TESTECDC,T
MAXIMO  ,TESTEDIFF,T
MAXIMO  ,TICKET,T
MAXIMO  ,TICKETGEOHASH,T
MAXIMO  ,TICKETSAGEOHASH,T
MAXIMO  ,TICKETSPEC,T
MAXIMO  ,TIMEZONERULE,T
MAXIMO  ,TKOWNERHISTORY,T
MAXIMO  ,TKSERVICEADDRESS,T
MAXIMO  ,TKSTATUS,T
MAXIMO  ,TKTEMPLATE,T
MAXIMO  ,TKTEMPLATESPEC,T
MAXIMO  ,TKTEMPLTACTIVITY,T
MAXIMO  ,TKTEMPLTACTYSPEC,T
MAXIMO  ,TLOAMASSETCONTRACT,V
MAXIMO  ,TLOAMASSETGRP,T
MAXIMO  ,TLOAMDPAANCESTOR,T
MAXIMO  ,TLOAMDPAHWM,T
MAXIMO  ,TLOAMDPAPARENT,V
MAXIMO  ,TLOAMFSNEVENTLISTENER,T
MAXIMO  ,TLOAMFSNRUNSTATUS,T
MAXIMO  ,TLOAMPRMDFLT,T
MAXIMO  ,TLOAMPROMOTE,V
MAXIMO  ,TLOAMSOFTWARE,T
MAXIMO  ,TLOAMSWCATALOG,T
MAXIMO  ,TLOAMSWREL,T
MAXIMO  ,TOKENLICENSE,T
MAXIMO  ,TOKENLICFEATURES,T
MAXIMO  ,TOKENLICSIGOPTS,T
MAXIMO  ,TOKENLICSTATUS,T
MAXIMO  ,TOKENLICTYPESTATUS,T
MAXIMO  ,TOKENLICUSERNAME,T
MAXIMO  ,TOKENLICUSERS,T
MAXIMO  ,TOKENRESTPROD,T
MAXIMO  ,TOOLINV,V
MAXIMO  ,TOOLITEM,V
MAXIMO  ,TOOLQUAL,T
MAXIMO  ,TOOLTRANS,T
MAXIMO  ,TS_AUTH,T
MAXIMO  ,TS_BOOKMARK,T
MAXIMO  ,TS_CONFAUD,T
MAXIMO  ,TS_DDLAUD,T
MAXIMO  ,UNASSIGNEDWORKVIEW,V
MAXIMO  ,USERDEVICE,T
MAXIMO  ,USERNOTIFICATIONPOINT,T
MAXIMO  ,USERPREF,T
MAXIMO  ,USERPURGL,T
MAXIMO  ,USERQUERY,T
MAXIMO  ,USERTOURTRACKER,T
MAXIMO  ,VENDORSTATUS,T
MAXIMO  ,VIEWMANAGER,T
MAXIMO  ,VIEWSECURITYDET,V
MAXIMO  ,VMUSEROPTIONS,T
MAXIMO  ,WARRANTYASSET,T
MAXIMO  ,WARRANTYLINE,T
MAXIMO  ,WARRANTYVIEW,V
MAXIMO  ,WARRANTYVIEWLINE,V
MAXIMO  ,WATSONVRIMG,T
MAXIMO  ,WCRELATEDTEMPLATE,T
MAXIMO  ,WCTEMPLATEAUTH,T
MAXIMO  ,WEATHERALERTIMPACT,T
MAXIMO  ,WEATHERAPP,T
MAXIMO  ,WEATHERASSET,T
MAXIMO  ,WEATHERASSETSUB,T
MAXIMO  ,WEATHERATTR,T
MAXIMO  ,WEATHERCFG,T
MAXIMO  ,WEATHERCFGATTR,T
MAXIMO  ,WEATHERENDPOINT,T
MAXIMO  ,WEATHERGROUP,T
MAXIMO  ,WEATHERORG,T
MAXIMO  ,WEATHERPRODUCT,T
MAXIMO  ,WEATHERUSAGE,T
MAXIMO  ,WEATHERZONE,T
MAXIMO  ,WFACTION,T
MAXIMO  ,WFACTIVATION,T
MAXIMO  ,WFAPPTOOLBAR,T
MAXIMO  ,WFASGNGROUP,T
MAXIMO  ,WFASSIGNMENT,T
MAXIMO  ,WFCALLSTACK,T
MAXIMO  ,WFCONDITION,T
MAXIMO  ,WFINPUT,T
MAXIMO  ,WFINSTANCE,T
MAXIMO  ,WFINTERACTION,T
MAXIMO  ,WFNODE,T
MAXIMO  ,WFNOTIFICATION,T
MAXIMO  ,WFPROCESS,T
MAXIMO  ,WFREVISION,T
MAXIMO  ,WFSTART,T
MAXIMO  ,WFSTOP,T
MAXIMO  ,WFSUBPROCESS,T
MAXIMO  ,WFTASK,T
MAXIMO  ,WFTRANSACTION,T
MAXIMO  ,WFWAITLIST,T
MAXIMO  ,WMASSIGNMENT,V
MAXIMO  ,WMASSIGNTMP,T
MAXIMO  ,WMMATCH,T
MAXIMO  ,WMMATCHCRW,T
MAXIMO  ,WOACTIVITY,V
MAXIMO  ,WOANCESTOR,T
MAXIMO  ,WOASSETUSERCUST,V
MAXIMO  ,WOCHANGE,V
MAXIMO  ,WOCONTRACT,T
MAXIMO  ,WOGEN,T
MAXIMO  ,WOGEOHASH,T
MAXIMO  ,WOHAZARD,T
MAXIMO  ,WOHAZARDPREC,T
MAXIMO  ,WOLOCKOUT,T
MAXIMO  ,WOLOCUSERCUST,V
MAXIMO  ,WOMATSTATUSSYNC,T
MAXIMO  ,WOMETER,T
MAXIMO  ,WOOWNERHISTORY,T
MAXIMO  ,WOPRECAUTION,T
MAXIMO  ,WORELEASE,V
MAXIMO  ,WORELEXT,T
MAXIMO  ,WORKCENTERTEMPLATE,T
MAXIMO  ,WORKLOG,T
MAXIMO  ,WORKORDER,T
MAXIMO  ,WORKORDERSPEC,T
MAXIMO  ,WORKPERIOD,T
MAXIMO  ,WORKPRIORITY,T
MAXIMO  ,WORKSCAPELAYOUT,T
MAXIMO  ,WORKTYPE,T
MAXIMO  ,WORKVIEW,T
MAXIMO  ,WORKZONE,T
MAXIMO  ,WOSAFETYLINK,T
MAXIMO  ,WOSAFETYPLAN,T
MAXIMO  ,WOSAGEOHASH,T
MAXIMO  ,WOSERVICEADDRESS,T
MAXIMO  ,WOSTATUS,T
MAXIMO  ,WOTAGLOCK,T
MAXIMO  ,WOTAGOUT,T
MAXIMO  ,WOTASKRELATION,T
MAXIMO  ,WOWEATHERALERT,T
MAXIMO  ,WPEDITSETTING,T
MAXIMO  ,WPITEM,T
MAXIMO  ,WPLABOR,T
MAXIMO  ,WPMATERIAL,V
MAXIMO  ,WPSERVICE,V
MAXIMO  ,WPTOOL,V
